file	line	type	cls	style	uiAllow	ref	onKeyDown	formRowLine	formRowParent	directGrid	inFileModal	extModal	extGrid	baseRule	focusRule	hold	chain	disabled	host
frontend/src/components/ContactChannelForm.tsx	227	checkbox				false	false	224	div[form-grid]@192	true				none(:not除外)	R1(:113)	false	Modal > form > div["form-grid"] > div["form-row"] > label	false	Modal < form < div.form-grid < div.form-row < label
frontend/src/components/MergeLeadModal.tsx	146	text				false	false	144	div[modal-content-wide]@135	false	135			R2(:147)	R2(:163)	false	Modal > div["modal-content-wide"] > div["form-row"]	false	Modal < div.modal-content-wide < div.form-row
frontend/src/pages/companies/CompaniesPage.tsx	452	omitted				false	false	450	form[form-grid]@447	true	440			R1+R2	R1+R2	false	PageLayout > Modal > div["modal-content-wide"] > form["form-grid"] > div["form-row"]	false	Modal < div.modal-content-wide < form.form-grid < div.form-row
frontend/src/pages/companies/CompaniesPage.tsx	456	omitted				false	false	454	form[form-grid]@447	true	440			R1+R2	R1+R2	false	PageLayout > Modal > div["modal-content-wide"] > form["form-grid"] > div["form-row"]	false	Modal < div.modal-content-wide < form.form-grid < div.form-row
frontend/src/pages/companies/CompaniesPage.tsx	460	omitted				false	false	458	form[form-grid]@447	true	440			R1+R2	R1+R2	false	PageLayout > Modal > div["modal-content-wide"] > form["form-grid"] > div["form-row"]	false	Modal < div.modal-content-wide < form.form-grid < div.form-row
frontend/src/pages/companies/CompaniesPage.tsx	464	omitted				false	false	462	form[form-grid]@447	true	440			R1+R2	R1+R2	false	PageLayout > Modal > div["modal-content-wide"] > form["form-grid"] > div["form-row"]	false	Modal < div.modal-content-wide < form.form-grid < div.form-row
frontend/src/pages/companies/CompaniesPage.tsx	468	omitted				false	false	466	form[form-grid]@447	true	440			R1+R2	R1+R2	false	PageLayout > Modal > div["modal-content-wide"] > form["form-grid"] > div["form-row"]	false	Modal < div.modal-content-wide < form.form-grid < div.form-row
frontend/src/pages/companies/CompaniesPage.tsx	472	omitted				false	false	470	form[form-grid]@447	true	440			R1+R2	R1+R2	false	PageLayout > Modal > div["modal-content-wide"] > form["form-grid"] > div["form-row"]	false	Modal < div.modal-content-wide < form.form-grid < div.form-row
frontend/src/pages/companies/CompaniesPage.tsx	476	omitted				false	false	474	form[form-grid]@447	true	440			R1+R2	R1+R2	false	PageLayout > Modal > div["modal-content-wide"] > form["form-grid"] > div["form-row"]	false	Modal < div.modal-content-wide < form.form-grid < div.form-row
frontend/src/pages/companies/CompaniesPage.tsx	480	number				false	false	478	form[form-grid]@447	true	440			R1+R2	R1+R2	false	PageLayout > Modal > div["modal-content-wide"] > form["form-grid"] > div["form-row"]	false	Modal < div.modal-content-wide < form.form-grid < div.form-row
frontend/src/pages/companies/CompaniesPage.tsx	484	omitted				false	false	482	form[form-grid]@447	true	440			R1+R2	R1+R2	false	PageLayout > Modal > div["modal-content-wide"] > form["form-grid"] > div["form-row"]	false	Modal < div.modal-content-wide < form.form-grid < div.form-row
frontend/src/pages/companies/CompaniesPage.tsx	488	omitted				false	false	486	form[form-grid]@447	true	440			R1+R2	R1+R2	false	PageLayout > Modal > div["modal-content-wide"] > form["form-grid"] > div["form-row"]	false	Modal < div.modal-content-wide < form.form-grid < div.form-row
frontend/src/pages/companies/CompaniesPage.tsx	492	omitted				false	false	490	form[form-grid]@447	true	440			R1+R2	R1+R2	false	PageLayout > Modal > div["modal-content-wide"] > form["form-grid"] > div["form-row"]	false	Modal < div.modal-content-wide < form.form-grid < div.form-row
frontend/src/pages/companies/CompaniesPage.tsx	496	omitted				false	false	494	form[form-grid]@447	true	440			R1+R2	R1+R2	false	PageLayout > Modal > div["modal-content-wide"] > form["form-grid"] > div["form-row"]	false	Modal < div.modal-content-wide < form.form-grid < div.form-row
frontend/src/pages/companies/CompaniesPage.tsx	504	omitted				false	false	502	form[form-grid]@447	true	440			R1+R2	R1+R2	false	PageLayout > Modal > div["modal-content-wide"] > form["form-grid"] > div["form-row"]	false	Modal < div.modal-content-wide < form.form-grid < div.form-row
frontend/src/pages/companies/CompaniesPage.tsx	533	omitted				false	false	531	form[form-grid]@447	true	440			R1+R2	R1+R2	false	PageLayout > Modal > div["modal-content-wide"] > form["form-grid"] > div["form-row"]	false	Modal < div.modal-content-wide < form.form-grid < div.form-row
frontend/src/pages/companies/CompaniesPage.tsx	535	omitted				false	false	535	form[form-grid]@447	true	440			R1+R2	R1+R2	false	PageLayout > Modal > div["modal-content-wide"] > form["form-grid"] > div["form-row"]	false	Modal < div.modal-content-wide < form.form-grid < div.form-row
frontend/src/pages/companies/CompaniesPage.tsx	536	email				false	false	536	form[form-grid]@447	true	440			R1+R2	R1+R2	false	PageLayout > Modal > div["modal-content-wide"] > form["form-grid"] > div["form-row"]	false	Modal < div.modal-content-wide < form.form-grid < div.form-row
frontend/src/pages/companies/CompaniesPage.tsx	539	omitted				false	false	537	form[form-grid]@447	true	440			R1+R2	R1+R2	false	PageLayout > Modal > div["modal-content-wide"] > form["form-grid"] > div["form-row"]	false	Modal < div.modal-content-wide < form.form-grid < div.form-row
frontend/src/pages/companies/CompaniesPage.tsx	542	omitted				false	false	542	form[form-grid]@447	true	440			R1+R2	R1+R2	false	PageLayout > Modal > div["modal-content-wide"] > form["form-grid"] > div["form-row"]	false	Modal < div.modal-content-wide < form.form-grid < div.form-row
frontend/src/pages/companies/CompaniesPage.tsx	543	omitted				false	false	543	form[form-grid]@447	true	440			R1+R2	R1+R2	false	PageLayout > Modal > div["modal-content-wide"] > form["form-grid"] > div["form-row"]	false	Modal < div.modal-content-wide < form.form-grid < div.form-row
frontend/src/pages/companies/CompaniesPage.tsx	544	omitted				false	false	544	form[form-grid]@447	true	440			R1+R2	R1+R2	false	PageLayout > Modal > div["modal-content-wide"] > form["form-grid"] > div["form-row"]	false	Modal < div.modal-content-wide < form.form-grid < div.form-row
frontend/src/pages/companies/CompaniesPage.tsx	545	omitted				false	false	545	form[form-grid]@447	true	440			R1+R2	R1+R2	false	PageLayout > Modal > div["modal-content-wide"] > form["form-grid"] > div["form-row"]	false	Modal < div.modal-content-wide < form.form-grid < div.form-row
frontend/src/pages/companies/CompaniesPage.tsx	546	omitted				false	false	546	form[form-grid]@447	true	440			R1+R2	R1+R2	false	PageLayout > Modal > div["modal-content-wide"] > form["form-grid"] > div["form-row"]	false	Modal < div.modal-content-wide < form.form-grid < div.form-row
frontend/src/pages/companies/CompaniesPage.tsx	547	omitted				false	false	547	form[form-grid]@447	true	440			R1+R2	R1+R2	false	PageLayout > Modal > div["modal-content-wide"] > form["form-grid"] > div["form-row"]	false	Modal < div.modal-content-wide < form.form-grid < div.form-row
frontend/src/pages/companies/CompaniesPage.tsx	548	omitted				false	false	548	form[form-grid]@447	true	440			R1+R2	R1+R2	false	PageLayout > Modal > div["modal-content-wide"] > form["form-grid"] > div["form-row"]	false	Modal < div.modal-content-wide < form.form-grid < div.form-row
frontend/src/pages/company-detail/CompanyAddressModal.tsx	147	checkbox				false	false	145	form[form-grid]@81	true	78			none(:not除外)	R1+R2	false	Modal > div["modal-content-wide"] > form["form-grid"] > div["form-row"] > label	true	Modal < div.modal-content-wide < form.form-grid < div.form-row < label
frontend/src/pages/company-detail/CompanyBasicTab.tsx	38	omitted				false	false	37	form[form-grid]@36	true				R1(:100)	R1(:113)	false	form["form-grid"] > div["form-row"]	true	form.form-grid < div.form-row
frontend/src/pages/company-detail/CompanyBasicTab.tsx	42	omitted				false	false	41	form[form-grid]@36	true				R1(:100)	R1(:113)	false	form["form-grid"] > div["form-row"]	true	form.form-grid < div.form-row
frontend/src/pages/company-detail/CompanyBasicTab.tsx	46	omitted				false	false	45	form[form-grid]@36	true				R1(:100)	R1(:113)	false	form["form-grid"] > div["form-row"]	true	form.form-grid < div.form-row
frontend/src/pages/company-detail/CompanyBasicTab.tsx	50	omitted				false	false	49	form[form-grid]@36	true				R1(:100)	R1(:113)	false	form["form-grid"] > div["form-row"]	true	form.form-grid < div.form-row
frontend/src/pages/company-detail/CompanyBasicTab.tsx	54	omitted				false	false	53	form[form-grid]@36	true				R1(:100)	R1(:113)	false	form["form-grid"] > div["form-row"]	true	form.form-grid < div.form-row
frontend/src/pages/company-detail/CompanyBasicTab.tsx	58	omitted				false	false	57	form[form-grid]@36	true				R1(:100)	R1(:113)	false	form["form-grid"] > div["form-row"]	true	form.form-grid < div.form-row
frontend/src/pages/company-detail/CompanyBasicTab.tsx	62	number				false	false	61	form[form-grid]@36	true				R1(:100)	R1(:113)	false	form["form-grid"] > div["form-row"]	true	form.form-grid < div.form-row
frontend/src/pages/company-detail/CompanyBasicTab.tsx	66	omitted				false	false	65	form[form-grid]@36	true				R1(:100)	R1(:113)	false	form["form-grid"] > div["form-row"]	true	form.form-grid < div.form-row
frontend/src/pages/company-detail/CompanyBasicTab.tsx	70	omitted				false	false	69	form[form-grid]@36	true				R1(:100)	R1(:113)	false	form["form-grid"] > div["form-row"]	true	form.form-grid < div.form-row
frontend/src/pages/company-detail/CompanyBasicTab.tsx	74	omitted				false	false	73	form[form-grid]@36	true				R1(:100)	R1(:113)	false	form["form-grid"] > div["form-row"]	true	form.form-grid < div.form-row
frontend/src/pages/company-detail/CompanyBasicTab.tsx	78	omitted				false	false	77	form[form-grid]@36	true				R1(:100)	R1(:113)	false	form["form-grid"] > div["form-row"]	true	form.form-grid < div.form-row
frontend/src/pages/company-detail/CompanyChannelsTab.tsx	32	omitted				false	false	30	form[form-grid]@29	true				R1(:100)	R1(:113)	false	form["form-grid"] > div["form-row"]	true	form.form-grid < div.form-row
frontend/src/pages/company-detail/CompanyContactsTab.tsx	206	checkbox				false	false	203	div[form-grid]@156	true				none(:not除外)	R1(:113)	false	div > Modal > form > div["form-grid"] > div["form-row"] > label	false	div < Modal < form < div.form-grid < div.form-row < label
frontend/src/pages/company-detail/CompanyDiscordTab.tsx	42	checkbox				false	false	40	div[form-grid]@39	true				none(:not除外)	R1(:113)	false	div > form > div["form-grid"] > div["form-row"] > label	true	div < form < div.form-grid < div.form-row < label
frontend/src/pages/company-detail/CompanyDiscordTab.tsx	53	omitted				false	false	51	div[form-grid]@39	true				R1(:100)	R1(:113)	false	div > form > div["form-grid"] > div["form-row"]	true	div < form < div.form-grid < div.form-row
frontend/src/pages/company-detail/CompanyDiscordTab.tsx	62	omitted				false	false	60	div[form-grid]@39	true				R1(:100)	R1(:113)	false	div > form > div["form-grid"] > div["form-row"]	true	div < form < div.form-grid < div.form-row
frontend/src/pages/company-detail/CompanyDiscordTab.tsx	71	omitted				false	false	69	div[form-grid]@39	true				R1(:100)	R1(:113)	false	div > form > div["form-grid"] > div["form-row"]	true	div < form < div.form-grid < div.form-row
frontend/src/pages/company-detail/CompanyDiscordTab.tsx	80	omitted				false	false	78	div[form-grid]@39	true				R1(:100)	R1(:113)	false	div > form > div["form-grid"] > div["form-row"]	true	div < form < div.form-grid < div.form-row
frontend/src/pages/contacts/ContactsPage.tsx	306	omitted				false	false	304	form[form-grid]@303	true	302			R1+R2	R1+R2	false	PageLayout > Modal > div["modal-content-wide"] > form["form-grid"] > div["form-row"]	false	Modal < div.modal-content-wide < form.form-grid < div.form-row
frontend/src/pages/contacts/ContactsPage.tsx	316	omitted				false	false	315	form[form-grid]@303	true	302			R1+R2	R1+R2	false	PageLayout > Modal > div["modal-content-wide"] > form["form-grid"] > div["form-row"]	false	Modal < div.modal-content-wide < form.form-grid < div.form-row
frontend/src/pages/contacts/ContactsPage.tsx	319	omitted				false	false	318	form[form-grid]@303	true	302			R1+R2	R1+R2	false	PageLayout > Modal > div["modal-content-wide"] > form["form-grid"] > div["form-row"]	false	Modal < div.modal-content-wide < form.form-grid < div.form-row
frontend/src/pages/contacts/ContactsPage.tsx	322	omitted				false	false	321	form[form-grid]@303	true	302			R1+R2	R1+R2	false	PageLayout > Modal > div["modal-content-wide"] > form["form-grid"] > div["form-row"]	false	Modal < div.modal-content-wide < form.form-grid < div.form-row
frontend/src/pages/contacts/ContactsPage.tsx	325	omitted				false	false	324	form[form-grid]@303	true	302			R1+R2	R1+R2	false	PageLayout > Modal > div["modal-content-wide"] > form["form-grid"] > div["form-row"]	false	Modal < div.modal-content-wide < form.form-grid < div.form-row
frontend/src/pages/contacts/ContactsPage.tsx	328	omitted				false	false	327	form[form-grid]@303	true	302			R1+R2	R1+R2	false	PageLayout > Modal > div["modal-content-wide"] > form["form-grid"] > div["form-row"]	false	Modal < div.modal-content-wide < form.form-grid < div.form-row
frontend/src/pages/contacts/ContactsPage.tsx	332	checkbox				false	false	330	form[form-grid]@303	true	302			none(:not除外)	R1+R2	false	PageLayout > Modal > div["modal-content-wide"] > form["form-grid"] > div["form-row"] > label	false	Modal < div.modal-content-wide < form.form-grid < div.form-row < label
frontend/src/pages/contacts/ContactsPage.tsx	337	email				false	false	336	form[form-grid]@303	true	302			R1+R2	R1+R2	false	PageLayout > Modal > div["modal-content-wide"] > form["form-grid"] > div["form-row"]	false	Modal < div.modal-content-wide < form.form-grid < div.form-row
frontend/src/pages/contacts/ContactsPage.tsx	340	omitted				false	false	339	form[form-grid]@303	true	302			R1+R2	R1+R2	false	PageLayout > Modal > div["modal-content-wide"] > form["form-grid"] > div["form-row"]	false	Modal < div.modal-content-wide < form.form-grid < div.form-row
