file:line	type	className	style
frontend/src/pages/register/CountryCombobox.tsx:46	text	"input"	
frontend/src/pages/register/RegisterAddressPage.tsx:115	text	"input"	
frontend/src/pages/register/RegisterAddressPage.tsx:316	text	"input"	
frontend/src/pages/register/RegisterAddressPage.tsx:344	tel	"input"	{{ flex: 1 }}
frontend/src/pages/register/RegisterAddressPage.tsx:357	email	"input"	
frontend/src/pages/register/RegisterAddressPage.tsx:368	text	"input"	
frontend/src/pages/register/RegisterAddressPage.tsx:379	text	"input"	
frontend/src/pages/register/RegisterAddressPage.tsx:390	text	"input"	
frontend/src/pages/register/RegisterAddressPage.tsx:401	text	"input"	
frontend/src/pages/register/RegisterAddressPage.tsx:412	text	"input"	
frontend/src/pages/register/RegisterAddressPage.tsx:423	text	"input"	
frontend/src/pages/register/RegisterAddressPage.tsx:434	text	"input"	
frontend/src/pages/register/RegisterChangeBillingPage.tsx:253	text	"input"	
frontend/src/pages/register/RegisterChangeBillingPage.tsx:284	tel	"input"	{{ flex: 1 }}
frontend/src/pages/register/RegisterChangeBillingPage.tsx:298	email	"input"	
frontend/src/pages/register/RegisterChangeBillingPage.tsx:313	text	"input"	
frontend/src/pages/register/RegisterChangeBillingPage.tsx:324	text	"input"	
frontend/src/pages/register/RegisterChangeBillingPage.tsx:335	text	"input"	
frontend/src/pages/register/RegisterChangeBillingPage.tsx:347	text	"input"	
frontend/src/pages/register/RegisterChangeBillingPage.tsx:358	text	"input"	
frontend/src/pages/register/RegisterChangeBillingPage.tsx:369	text	"input"	
frontend/src/pages/register/RegisterChangeBillingPage.tsx:380	text	"input"	
frontend/src/pages/register/RegisterPage.tsx:306	text	"input"	
frontend/src/pages/register/RegisterPage.tsx:337	tel	"input"	{{ flex: 1 }}
frontend/src/pages/register/RegisterPage.tsx:351	email	"input"	
frontend/src/pages/register/RegisterPage.tsx:366	text	"input"	
frontend/src/pages/register/RegisterPage.tsx:377	text	"input"	
frontend/src/pages/register/RegisterPage.tsx:388	text	"input"	
frontend/src/pages/register/RegisterPage.tsx:400	text	"input"	
frontend/src/pages/register/RegisterPage.tsx:411	text	"input"	
frontend/src/pages/register/RegisterPage.tsx:422	text	"input"	
frontend/src/pages/register/RegisterPage.tsx:433	text	"input"	
frontend/src/pages/register/RegisterPage.tsx:511	text	"input"	
frontend/src/pages/register/RegisterPage.tsx:520	email	"input"	
frontend/src/pages/register/RegisterPage.tsx:529	tel	"input"	
frontend/src/pages/register/RegisterPage.tsx:567	text	"input"	
frontend/src/pages/register/RegisterPage.tsx:596	tel	"input"	{{ flex: 1 }}
frontend/src/pages/register/RegisterPage.tsx:609	email	"input"	
frontend/src/pages/register/RegisterPage.tsx:620	text	"input"	
frontend/src/pages/register/RegisterPage.tsx:631	text	"input"	
frontend/src/pages/register/RegisterPage.tsx:643	text	"input"	
frontend/src/pages/register/RegisterPage.tsx:654	text	"input"	
frontend/src/pages/register/RegisterPage.tsx:665	text	"input"	
frontend/src/pages/register/RegisterPage.tsx:676	text	"input"	
frontend/src/pages/register/RegisterPage.tsx:687	text	"input"	
