file	line	tag
frontend/src/pages/account-settings/AccountSettingsPage.tsx	9	PageLayout
frontend/src/pages/account-settings/PreferencesSection.tsx	38	select
frontend/src/pages/account-settings/ProfileSection.tsx	124	button
frontend/src/pages/account-settings/SecuritySection.tsx	104	button
frontend/src/pages/admin/ChannelMastersPage.tsx	75	PageLayout
frontend/src/pages/admin/ChannelMastersPage.tsx	80	table
frontend/src/pages/admin/ChannelMastersPage.tsx	97	button
frontend/src/pages/admin/ChannelMastersPage.tsx	131	button
frontend/src/pages/admin/DiscordAnnouncePage.tsx	61	PageLayout
frontend/src/pages/admin/DiscordAnnouncePage.tsx	68	PageLayout
frontend/src/pages/admin/DiscordAnnouncePage.tsx	97	textarea
frontend/src/pages/admin/DiscordAnnouncePage.tsx	115	button
frontend/src/pages/admin/DiscordConfigPage.tsx	244	PageLayout
frontend/src/pages/admin/DiscordConfigPage.tsx	251	PageLayout
frontend/src/pages/admin/DiscordConfigPage.tsx	278	button
frontend/src/pages/admin/DiscordConfigPage.tsx	300	button
frontend/src/pages/admin/DiscordConfigPage.tsx	449	textarea
frontend/src/pages/admin/DiscordConfigPage.tsx	541	button
frontend/src/pages/admin/DiscordConfigPage.tsx	557	button
frontend/src/pages/admin/InventoryVisibilityPage.tsx	116	PageLayout
frontend/src/pages/admin/InventoryVisibilityPage.tsx	125	PageLayout
frontend/src/pages/admin/InventoryVisibilityPage.tsx	132	table
frontend/src/pages/admin/InventoryVisibilityPage.tsx	161	button
frontend/src/pages/admin/TenantPolicyPage.tsx	134	PageLayout
frontend/src/pages/admin/TenantPolicyPage.tsx	143	PageLayout
frontend/src/pages/admin/TenantPolicyPage.tsx	166	select
frontend/src/pages/admin/TenantPolicyPage.tsx	265	select
frontend/src/pages/admin/TenantPolicyPage.tsx	282	select
frontend/src/pages/admin/TenantPolicyPage.tsx	304	button
frontend/src/pages/admin/TenantProfilePage.tsx	125	PageLayout
frontend/src/pages/admin/TenantProfilePage.tsx	132	PageLayout
frontend/src/pages/admin/TenantProfilePage.tsx	168	textarea
frontend/src/pages/admin/TenantProfilePage.tsx	233	select
frontend/src/pages/admin/TenantProfilePage.tsx	249	button
frontend/src/pages/archives/ArchivesPage.tsx	32	PageLayout
frontend/src/pages/archives/ArchivesPage.tsx	60	button
frontend/src/pages/archives/ArchivesPage.tsx	67	DataTable
frontend/src/pages/badges/BadgesPage.tsx	41	PageLayout
frontend/src/pages/badges/BadgesPage.tsx	47	ContentToolbar
frontend/src/pages/badges/BadgesPage.tsx	48	button
frontend/src/pages/badges/BadgesPage.tsx	61	textarea
frontend/src/pages/badges/BadgesPage.tsx	66	button
frontend/src/pages/badges/BadgesPage.tsx	67	button
frontend/src/pages/badges/BadgesPage.tsx	76	table
frontend/src/pages/bots/BotEditPage.tsx	80	PageLayout
frontend/src/pages/bots/BotEditPage.tsx	88	button
frontend/src/pages/bots/BotEditPage.tsx	95	button
frontend/src/pages/bots/BotFormFields.tsx	60	Select
frontend/src/pages/bots/BotFormFields.tsx	67	Select
frontend/src/pages/bots/BotFormFields.tsx	73	Select
frontend/src/pages/bots/BotsPage.tsx	195	PageLayout
frontend/src/pages/bots/BotsPage.tsx	200	ContentToolbar
frontend/src/pages/bots/BotsPage.tsx	202	button
frontend/src/pages/bots/BotsPage.tsx	212	button
frontend/src/pages/bots/BotsPage.tsx	232	select
frontend/src/pages/bots/BotsPage.tsx	240	select
frontend/src/pages/bots/BotsPage.tsx	247	select
frontend/src/pages/bots/BotsPage.tsx	259	button
frontend/src/pages/bots/BotsPage.tsx	260	button
frontend/src/pages/bots/BotsPage.tsx	281	button
frontend/src/pages/bots/BotsPage.tsx	282	button
frontend/src/pages/bots/BotsPage.tsx	310	button
frontend/src/pages/bots/BotsPage.tsx	311	button
frontend/src/pages/bots/BotsPage.tsx	312	button
frontend/src/pages/bots/BotsPage.tsx	318	DataTable
frontend/src/pages/buddy/BuddyPage.tsx	46	PageLayout
frontend/src/pages/buddy/BuddyPage.tsx	52	ContentToolbar
frontend/src/pages/buddy/BuddyPage.tsx	53	button
frontend/src/pages/buddy/BuddyPage.tsx	65	textarea
frontend/src/pages/buddy/BuddyPage.tsx	67	button
frontend/src/pages/buddy/BuddyPage.tsx	68	button
frontend/src/pages/buddy/BuddyPage.tsx	75	table
frontend/src/pages/buddy/BuddyPage.tsx	84	button
frontend/src/pages/buddy/BuddyPage.tsx	91	table
frontend/src/pages/channels/ChannelsPage.tsx	333	PageLayout
frontend/src/pages/channels/ChannelsPage.tsx	347	button
frontend/src/pages/channels/ChannelsPage.tsx	386	button
frontend/src/pages/channels/ChannelsPage.tsx	404	button
frontend/src/pages/channels/ChannelsPage.tsx	435	button
frontend/src/pages/channels/ChannelsPage.tsx	521	button
frontend/src/pages/channels/ChannelsPage.tsx	557	button
frontend/src/pages/channels/ChannelsPage.tsx	600	button
frontend/src/pages/channels/ChannelsPage.tsx	607	button
frontend/src/pages/commission-settings/CommissionSettingsPage.tsx	174	PageLayout
frontend/src/pages/commission-settings/CommissionSettingsPage.tsx	189	table
frontend/src/pages/commission-settings/CommissionSettingsPage.tsx	205	select
frontend/src/pages/commission-settings/CommissionSettingsPage.tsx	251	button
frontend/src/pages/commissions/CommissionsPage.tsx	132	PageLayout
frontend/src/pages/commissions/CommissionsPage.tsx	182	DataTable
frontend/src/pages/commissions/CommissionsPage.tsx	200	DataTable
frontend/src/pages/commissions/CommissionsPage.tsx	226	button
frontend/src/pages/commissions/CommissionsPage.tsx	238	DataTable
frontend/src/pages/companies/CompaniesPage.tsx	358	button
frontend/src/pages/companies/CompaniesPage.tsx	373	PageLayout
frontend/src/pages/companies/CompaniesPage.tsx	380	ContentToolbar
frontend/src/pages/companies/CompaniesPage.tsx	409	button
frontend/src/pages/companies/CompaniesPage.tsx	412	button
frontend/src/pages/companies/CompaniesPage.tsx	418	DataTable
frontend/src/pages/companies/CompaniesPage.tsx	438	button
frontend/src/pages/companies/CompaniesPage.tsx	439	button
frontend/src/pages/companies/CompaniesPage.tsx	440	button
frontend/src/pages/companies/CompaniesPage.tsx	496	textarea
frontend/src/pages/companies/CompaniesPage.tsx	504	select
frontend/src/pages/companies/CompaniesPage.tsx	513	textarea
frontend/src/pages/companies/CompaniesPage.tsx	550	button
frontend/src/pages/companies/CompaniesPage.tsx	551	button
frontend/src/pages/companies/CompaniesPage.tsx	572	button
frontend/src/pages/companies/CompaniesPage.tsx	573	button
frontend/src/pages/companies/CompanyFormFields.tsx	42	Select
frontend/src/pages/companies/CompanyFormFields.tsx	64	textarea
frontend/src/pages/company-detail/CompanyAddressModal.tsx	84	Select
frontend/src/pages/company-detail/CompanyAddressModal.tsx	153	Button
frontend/src/pages/company-detail/CompanyAddressModal.tsx	154	Button
frontend/src/pages/company-detail/CompanyAddressesTab.tsx	30	table
frontend/src/pages/company-detail/CompanyAddressesTab.tsx	52	button
frontend/src/pages/company-detail/CompanyAddressesTab.tsx	53	button
frontend/src/pages/company-detail/CompanyAddressesTab.tsx	73	button
frontend/src/pages/company-detail/CompanyAddressesTab.tsx	87	button
frontend/src/pages/company-detail/CompanyBasicTab.tsx	79	textarea
frontend/src/pages/company-detail/CompanyBasicTab.tsx	83	select
frontend/src/pages/company-detail/CompanyBasicTab.tsx	92	textarea
frontend/src/pages/company-detail/CompanyBasicTab.tsx	97	button
frontend/src/pages/company-detail/CompanyBasicTab.tsx	126	button
frontend/src/pages/company-detail/CompanyBasicTab.tsx	135	button
frontend/src/pages/company-detail/CompanyChannelsTab.tsx	37	button
frontend/src/pages/company-detail/CompanyContactsTab.tsx	93	Button
frontend/src/pages/company-detail/CompanyContactsTab.tsx	102	table
frontend/src/pages/company-detail/CompanyContactsTab.tsx	124	Button
frontend/src/pages/company-detail/CompanyContactsTab.tsx	129	Button
frontend/src/pages/company-detail/CompanyContactsTab.tsx	132	Button
frontend/src/pages/company-detail/CompanyContactsTab.tsx	136	Button
frontend/src/pages/company-detail/CompanyContactsTab.tsx	193	Select
frontend/src/pages/company-detail/CompanyContactsTab.tsx	216	Button
frontend/src/pages/company-detail/CompanyContactsTab.tsx	219	Button
frontend/src/pages/company-detail/CompanyConvLogsTab.tsx	73	select
frontend/src/pages/company-detail/CompanyDetailPage.tsx	90	PageLayout
frontend/src/pages/company-detail/CompanyDetailPage.tsx	104	Button
frontend/src/pages/company-detail/CompanyDetailPage.tsx	107	Button
frontend/src/pages/company-detail/CompanyDetailPage.tsx	110	Button
frontend/src/pages/company-detail/CompanyDetailPage.tsx	113	Button
frontend/src/pages/company-detail/CompanyDetailPage.tsx	116	Button
frontend/src/pages/company-detail/CompanyDetailPage.tsx	119	Button
frontend/src/pages/company-detail/CompanyDiscordTab.tsx	90	button
frontend/src/pages/company-detail/CompanyDiscordTab.tsx	97	button
frontend/src/pages/contacts/ContactEditPage.tsx	134	PageLayout
frontend/src/pages/contacts/ContactEditPage.tsx	140	Select
frontend/src/pages/contacts/ContactEditPage.tsx	178	Select
frontend/src/pages/contacts/ContactEditPage.tsx	190	textarea
frontend/src/pages/contacts/ContactEditPage.tsx	198	button
frontend/src/pages/contacts/ContactEditPage.tsx	201	button
frontend/src/pages/contacts/ContactEditPage.tsx	209	button
frontend/src/pages/contacts/ContactEditPage.tsx	210	button
frontend/src/pages/contacts/ContactFormFields.tsx	46	Select
frontend/src/pages/contacts/ContactFormFields.tsx	83	Select
frontend/src/pages/contacts/ContactsPage.tsx	252	button
frontend/src/pages/contacts/ContactsPage.tsx	264	PageLayout
frontend/src/pages/contacts/ContactsPage.tsx	269	ContentToolbar
frontend/src/pages/contacts/ContactsPage.tsx	272	select
frontend/src/pages/contacts/ContactsPage.tsx	307	select
frontend/src/pages/contacts/ContactsPage.tsx	340	select
frontend/src/pages/contacts/ContactsPage.tsx	347	textarea
frontend/src/pages/contacts/ContactsPage.tsx	350	button
frontend/src/pages/contacts/ContactsPage.tsx	351	button
frontend/src/pages/contacts/ContactsPage.tsx	373	button
frontend/src/pages/contacts/ContactsPage.tsx	374	button
frontend/src/pages/contacts/ContactsPage.tsx	396	button
frontend/src/pages/contacts/ContactsPage.tsx	399	button
frontend/src/pages/contacts/ContactsPage.tsx	404	button
frontend/src/pages/contacts/ContactsPage.tsx	410	DataTable
frontend/src/pages/crm/CustomerHubPage.tsx	69	PageLayout
frontend/src/pages/dashboard/DashboardPage.tsx	394	PageLayout
frontend/src/pages/dashboard/DashboardPage.tsx	404	PageLayout
frontend/src/pages/dashboard/DashboardPage.tsx	412	select
frontend/src/pages/dashboard/DashboardPage.tsx	423	button
frontend/src/pages/dashboard/DashboardPage.tsx	430	button
frontend/src/pages/dashboard/DashboardPage.tsx	441	select
frontend/src/pages/dashboard/DashboardPage.tsx	543	button
frontend/src/pages/dashboard/FollowUpsPage.tsx	139	PageLayout
frontend/src/pages/dashboard/FollowUpsPage.tsx	143	ContentToolbar
frontend/src/pages/dashboard/FollowUpsPage.tsx	148	button
frontend/src/pages/dashboard/FollowUpsPage.tsx	166	DataTable
frontend/src/pages/dashboard/FunnelLeadsPage.tsx	102	PageLayout
frontend/src/pages/dashboard/FunnelLeadsPage.tsx	143	DataTable
frontend/src/pages/dashboard/FunnelReasonsPage.tsx	35	PageLayout
frontend/src/pages/dashboard/FunnelReasonsPage.tsx	41	button
frontend/src/pages/dashboard/FunnelReasonsPage.tsx	48	button
frontend/src/pages/dashboard/FunnelRevenuePage.tsx	42	PageLayout
frontend/src/pages/dashboard/FunnelRevenuePage.tsx	50	PageLayout
frontend/src/pages/dashboard/FunnelRevenuePage.tsx	61	PageLayout
frontend/src/pages/dashboard/FunnelSection.tsx	107	button
frontend/src/pages/dashboard/FunnelSection.tsx	256	button
frontend/src/pages/dashboard/FunnelSection.tsx	341	button
frontend/src/pages/dashboard/FunnelSection.tsx	370	button
frontend/src/pages/dashboard/FunnelSection.tsx	413	button
frontend/src/pages/dashboard/PriorityProspectsSection.tsx	378	Button
frontend/src/pages/dashboard/PriorityProspectsSection.tsx	411	textarea
frontend/src/pages/dashboard/PriorityProspectsSection.tsx	438	Button
frontend/src/pages/dashboard/PriorityProspectsSection.tsx	448	Button
frontend/src/pages/dashboard/PriorityProspectsSection.tsx	466	Button
frontend/src/pages/dashboard/WeeklyAdvisorSection.tsx	337	Button
frontend/src/pages/dashboard/WeeklyAdvisorSection.tsx	350	Button
frontend/src/pages/dashboard/WeeklyAdvisorSection.tsx	383	textarea
frontend/src/pages/dashboard/WeeklyAdvisorSection.tsx	410	Button
frontend/src/pages/dashboard/WeeklyAdvisorSection.tsx	420	Button
frontend/src/pages/dashboard/WeeklyAdvisorSection.tsx	438	Button
frontend/src/pages/erp/ERPPage.tsx	50	PageLayout
frontend/src/pages/erp/ERPPage.tsx	56	ContentToolbar
frontend/src/pages/erp/ERPPage.tsx	58	button
frontend/src/pages/erp/ERPPage.tsx	110	DataTable
frontend/src/pages/goal-setting/GoalSettingPage.tsx	201	button
frontend/src/pages/goal-setting/GoalSettingPage.tsx	343	button
frontend/src/pages/goal-setting/GoalSettingPage.tsx	351	button
frontend/src/pages/goal-setting/GoalSettingPage.tsx	360	button
frontend/src/pages/goal-setting/GoalSettingPage.tsx	637	PageLayout
frontend/src/pages/goal-setting/GoalSettingPage.tsx	644	PageLayout
frontend/src/pages/goal-setting/GoalSettingPage.tsx	709	select
frontend/src/pages/inbox/InboxConversationList.tsx	70	button
frontend/src/pages/inbox/InboxConversationList.tsx	81	button
frontend/src/pages/inbox/InboxConversationList.tsx	107	button
frontend/src/pages/inbox/InboxConversationList.tsx	111	button
frontend/src/pages/inbox/InboxConversationList.tsx	115	button
frontend/src/pages/inbox/InboxConversationList.tsx	119	button
frontend/src/pages/inbox/InboxConversationList.tsx	128	button
frontend/src/pages/inbox/InboxConversationList.tsx	135	button
frontend/src/pages/inbox/InboxConversationList.tsx	147	select
frontend/src/pages/inbox/InboxConversationList.tsx	166	button
frontend/src/pages/inbox/InboxConversationList.tsx	194	button
frontend/src/pages/inbox/InboxKartePanel.tsx	125	button
frontend/src/pages/inbox/InboxKartePanel.tsx	166	button
frontend/src/pages/inbox/InboxKartePanel.tsx	182	button
frontend/src/pages/inbox/InboxKartePanel.tsx	270	button
frontend/src/pages/inbox/InboxKartePanel.tsx	273	button
frontend/src/pages/inbox/InboxKartePanel.tsx	286	button
frontend/src/pages/inbox/InboxKartePanel.tsx	295	button
frontend/src/pages/inbox/InboxKartePanel.tsx	305	button
frontend/src/pages/inbox/InboxKartePanel.tsx	318	button
frontend/src/pages/inbox/InboxKartePanel.tsx	446	select
frontend/src/pages/inbox/InboxKartePanel.tsx	482	textarea
frontend/src/pages/inbox/InboxKartePanel.tsx	501	textarea
frontend/src/pages/inbox/InboxKartePanel.tsx	513	select
frontend/src/pages/inbox/InboxKartePanel.tsx	526	select
frontend/src/pages/inbox/InboxKartePanel.tsx	535	textarea
frontend/src/pages/inbox/InboxKartePanel.tsx	540	select
frontend/src/pages/inbox/InboxKartePanel.tsx	556	select
frontend/src/pages/inbox/InboxKartePanel.tsx	586	textarea
frontend/src/pages/inbox/InboxKartePanel.tsx	733	button
frontend/src/pages/inbox/InboxKartePanel.tsx	791	button
frontend/src/pages/inbox/InboxKartePanel.tsx	834	button
frontend/src/pages/inbox/InboxKartePanel.tsx	842	button
frontend/src/pages/inbox/InboxKartePanel.tsx	849	button
frontend/src/pages/inbox/InboxMessageThread.tsx	370	select
frontend/src/pages/inbox/InboxMessageThread.tsx	381	button
frontend/src/pages/inbox/InboxMessageThread.tsx	388	button
frontend/src/pages/inbox/InboxMessageThread.tsx	396	button
frontend/src/pages/inbox/InboxMessageThread.tsx	408	button
frontend/src/pages/inbox/InboxMessageThread.tsx	413	button
frontend/src/pages/inbox/InboxMessageThread.tsx	418	button
frontend/src/pages/inbox/InboxMessageThread.tsx	424	button
frontend/src/pages/inbox/InboxMessageThread.tsx	537	button
frontend/src/pages/inbox/InboxMessageThread.tsx	579	button
frontend/src/pages/inbox/InboxMessageThread.tsx	589	button
frontend/src/pages/inbox/InboxMessageThread.tsx	599	button
frontend/src/pages/inbox/InboxMessageThread.tsx	632	button
frontend/src/pages/inbox/InboxMessageThread.tsx	648	textarea
frontend/src/pages/inbox/InboxMessageThread.tsx	676	button
frontend/src/pages/inbox/InboxMessageThread.tsx	689	button
frontend/src/pages/inbox/InboxMessageThread.tsx	701	button
frontend/src/pages/inbox/InboxPage.tsx	46	button
frontend/src/pages/inbox/InboxPage.tsx	55	button
frontend/src/pages/inbox/InboxPage.tsx	64	button
frontend/src/pages/inbox/InboxPage.tsx	78	PageLayout
frontend/src/pages/inbox/InboxPage.tsx	85	button
frontend/src/pages/inbox/InboxPage.tsx	91	select
frontend/src/pages/inbox/InboxProfileModal.tsx	88	button
frontend/src/pages/inbox/InboxProfileModal.tsx	101	button
frontend/src/pages/inbox/InboxProfileModal.tsx	161	select
frontend/src/pages/inbox/InboxProfileModal.tsx	180	textarea
frontend/src/pages/inbox/InboxProfileModal.tsx	190	textarea
frontend/src/pages/inbox/InboxProfileModal.tsx	200	select
frontend/src/pages/inbox/InboxProfileModal.tsx	209	textarea
frontend/src/pages/inbox/InboxProfileModal.tsx	215	select
frontend/src/pages/inbox/InboxProfileModal.tsx	226	select
frontend/src/pages/inbox/InboxProfileModal.tsx	264	textarea
frontend/src/pages/inbox/InboxSettingsModal.tsx	37	select
frontend/src/pages/inbox/ManualRecordSection.tsx	126	select
frontend/src/pages/inbox/ManualRecordSection.tsx	159	textarea
frontend/src/pages/inbox/ManualRecordSection.tsx	179	button
frontend/src/pages/inbox/ManualRecordSection.tsx	190	button
frontend/src/pages/inbox/OutboundTranslationPreview.tsx	86	button
frontend/src/pages/inbox/OutboundTranslationPreview.tsx	147	textarea
frontend/src/pages/inbox/OutboundTranslationPreview.tsx	164	button
frontend/src/pages/inbox/OutboundTranslationPreview.tsx	172	button
frontend/src/pages/inbox/SalesFormMultiSelect.tsx	102	button
frontend/src/pages/integrations/CarrierCredentialForm.tsx	136	button
frontend/src/pages/integrations/CarrierCredentialForm.tsx	143	button
frontend/src/pages/integrations/CarrierIntegrationPage.tsx	205	button
frontend/src/pages/integrations/CarrierIntegrationPage.tsx	269	button
frontend/src/pages/integrations/CarrierIntegrationPage.tsx	276	button
frontend/src/pages/integrations/CarrierIntegrationPage.tsx	279	button
frontend/src/pages/integrations/CarrierIntegrationPage.tsx	292	PageLayout
frontend/src/pages/integrations/CarrierSetupGuidePage.tsx	39	PageLayout
frontend/src/pages/integrations/FedexEtdSetupGuide.tsx	102	button
frontend/src/pages/integrations/FedexEtdSetupGuide.tsx	146	button
frontend/src/pages/integrations/FedexEtdSetupGuide.tsx	474	button
frontend/src/pages/integrations/FedexEtdSetupGuide.tsx	492	select
frontend/src/pages/integrations/FedexEtdSetupGuide.tsx	513	button
frontend/src/pages/integrations/FedexEtdSetupGuide.tsx	542	button
frontend/src/pages/integrations/FedexEtdSetupGuide.tsx	590	button
frontend/src/pages/integrations/FedexLabelValidationTab.tsx	252	button
frontend/src/pages/integrations/FedexLabelValidationTab.tsx	269	button
frontend/src/pages/integrations/FedexLabelValidationTab.tsx	366	button
frontend/src/pages/integrations/FedexLabelValidationTab.tsx	382	button
frontend/src/pages/integrations/FedexLabelValidationTab.tsx	402	button
frontend/src/pages/integrations/GoogleDriveIntegrationPage.tsx	106	PageLayout
frontend/src/pages/integrations/GoogleDriveIntegrationPage.tsx	130	button
frontend/src/pages/integrations/GoogleDriveIntegrationPage.tsx	149	button
frontend/src/pages/integrations/GoogleDriveIntegrationPage.tsx	173	button
frontend/src/pages/integrations/PaypalIntegrationPage.tsx	129	PageLayout
frontend/src/pages/integrations/PaypalIntegrationPage.tsx	162	select
frontend/src/pages/integrations/PaypalIntegrationPage.tsx	173	button
frontend/src/pages/integrations/PaypalIntegrationPage.tsx	177	button
frontend/src/pages/integrations/PaypalIntegrationPage.tsx	192	button
frontend/src/pages/integrations/PaypalIntegrationPage.tsx	220	button
frontend/src/pages/inventory/InventoryFilterPanel.tsx	304	button
frontend/src/pages/inventory/InventoryPage.tsx	337	button
frontend/src/pages/inventory/InventoryPage.tsx	371	PageLayout
frontend/src/pages/inventory/InventoryPage.tsx	379	ContentToolbar
frontend/src/pages/inventory/InventoryPage.tsx	394	button
frontend/src/pages/inventory/InventoryPage.tsx	397	button
frontend/src/pages/inventory/InventoryPage.tsx	400	button
frontend/src/pages/inventory/InventoryPage.tsx	467	button
frontend/src/pages/inventory/InventoryPage.tsx	476	select
frontend/src/pages/inventory/InventoryPage.tsx	501	table
frontend/src/pages/inventory/InventoryPage.tsx	602	button
frontend/src/pages/inventory/InventoryPage.tsx	608	button
frontend/src/pages/inventory/OwnInventoryPage.tsx	110	PageLayout
frontend/src/pages/inventory/OwnInventoryPage.tsx	168	button
frontend/src/pages/inventory/OwnInventoryPage.tsx	176	button
frontend/src/pages/inventory/OwnInventoryPage.tsx	184	button
frontend/src/pages/inventory/OwnInventoryPage.tsx	197	DataTable
frontend/src/pages/inventory/OwnInventoryPage.tsx	209	button
frontend/src/pages/inventory/OwnInventoryPage.tsx	218	button
frontend/src/pages/invoice-create/InvoiceCreatePage.tsx	218	PageLayout
frontend/src/pages/invoice-create/InvoiceCreatePage.tsx	223	button
frontend/src/pages/invoice-create/InvoiceCreatePage.tsx	233	button
frontend/src/pages/invoice-create/InvoiceCreatePage.tsx	240	button
frontend/src/pages/invoice-create/InvoiceCreatePage.tsx	257	table
frontend/src/pages/invoice-create/InvoiceCreatePage.tsx	271	button
frontend/src/pages/invoice-create/InvoiceCreatePage.tsx	307	select
frontend/src/pages/invoice-create/InvoiceCreatePage.tsx	322	table
frontend/src/pages/invoice-create/InvoiceCreatePage.tsx	393	button
frontend/src/pages/invoice-create/InvoiceCreatePage.tsx	403	button
frontend/src/pages/invoice-create/InvoiceCreatePage.tsx	434	button
frontend/src/pages/invoice-create/InvoiceCreatePage.tsx	435	button
frontend/src/pages/invoice-detail/InvoiceDetailPage.tsx	186	PageLayout
frontend/src/pages/invoice-detail/InvoiceDetailPage.tsx	190	ContentToolbar
frontend/src/pages/invoice-detail/InvoiceDetailPage.tsx	194	button
frontend/src/pages/invoice-detail/InvoiceDetailPage.tsx	197	button
frontend/src/pages/invoice-detail/InvoiceDetailPage.tsx	200	button
frontend/src/pages/invoice-detail/InvoiceDetailPage.tsx	203	button
frontend/src/pages/invoice-detail/InvoiceDetailPage.tsx	206	button
frontend/src/pages/invoice-detail/InvoiceDetailPage.tsx	208	button
frontend/src/pages/invoice-detail/InvoiceDetailPage.tsx	234	button
frontend/src/pages/invoice-detail/InvoiceDetailPage.tsx	243	table
frontend/src/pages/invoice-detail/InvoiceDetailPage.tsx	272	button
frontend/src/pages/invoice-detail/InvoiceDetailPage.tsx	273	button
frontend/src/pages/invoice-detail/InvoiceDetailPage.tsx	305	table
frontend/src/pages/invoices/InvoicesPage.tsx	113	button
frontend/src/pages/invoices/InvoicesPage.tsx	121	PageLayout
frontend/src/pages/invoices/InvoicesPage.tsx	126	button
frontend/src/pages/invoices/InvoicesPage.tsx	127	button
frontend/src/pages/invoices/InvoicesPage.tsx	129	ContentToolbar
frontend/src/pages/invoices/InvoicesPage.tsx	131	SelectControl
frontend/src/pages/invoices/InvoicesPage.tsx	140	button
frontend/src/pages/invoices/InvoicesPage.tsx	151	DataTable
frontend/src/pages/leads/LeadEditPage.tsx	163	PageLayout
frontend/src/pages/leads/LeadEditPage.tsx	189	Select
frontend/src/pages/leads/LeadEditPage.tsx	199	Select
frontend/src/pages/leads/LeadEditPage.tsx	209	Select
frontend/src/pages/leads/LeadEditPage.tsx	226	Select
frontend/src/pages/leads/LeadEditPage.tsx	237	Select
frontend/src/pages/leads/LeadEditPage.tsx	248	Select
frontend/src/pages/leads/LeadEditPage.tsx	260	Select
frontend/src/pages/leads/LeadEditPage.tsx	278	textarea
frontend/src/pages/leads/LeadEditPage.tsx	289	button
frontend/src/pages/leads/LeadEditPage.tsx	290	button
frontend/src/pages/leads/LeadFormFields.tsx	72	Select
frontend/src/pages/leads/LeadFormFields.tsx	84	textarea
frontend/src/pages/leads/LeadFormFields.tsx	130	Select
frontend/src/pages/leads/LeadFormFields.tsx	144	Select
frontend/src/pages/leads/LeadFormFields.tsx	153	textarea
frontend/src/pages/leads/LeadsPage.tsx	295	PageLayout
frontend/src/pages/leads/LeadsPage.tsx	299	ContentToolbar
frontend/src/pages/leads/LeadsPage.tsx	301	Select
frontend/src/pages/leads/LeadsPage.tsx	313	button
frontend/src/pages/leads/LeadsPage.tsx	347	Select
frontend/src/pages/leads/LeadsPage.tsx	357	Select
frontend/src/pages/leads/LeadsPage.tsx	367	Select
frontend/src/pages/leads/LeadsPage.tsx	376	Select
frontend/src/pages/leads/LeadsPage.tsx	387	Select
frontend/src/pages/leads/LeadsPage.tsx	398	Select
frontend/src/pages/leads/LeadsPage.tsx	410	Select
frontend/src/pages/leads/LeadsPage.tsx	428	textarea
frontend/src/pages/leads/LeadsPage.tsx	439	button
frontend/src/pages/leads/LeadsPage.tsx	440	button
frontend/src/pages/leads/LeadsPage.tsx	469	button
frontend/src/pages/leads/LeadsPage.tsx	470	button
frontend/src/pages/leads/LeadsPage.tsx	500	button
frontend/src/pages/leads/LeadsPage.tsx	503	button
frontend/src/pages/leads/LeadsPage.tsx	505	button
frontend/src/pages/leads/LeadsPage.tsx	515	DataTable
frontend/src/pages/leads/LeadsPage.tsx	540	button
frontend/src/pages/leads/LeadsPage.tsx	541	button
frontend/src/pages/login/LoginPage.tsx	111	button
frontend/src/pages/login/LoginPage.tsx	119	button
frontend/src/pages/login/LoginPage.tsx	144	button
frontend/src/pages/login/LoginPage.tsx	149	button
frontend/src/pages/management-center/ManagementCenterPage.tsx	103	PageLayout
frontend/src/pages/notifications/NotificationsPage.tsx	44	PageLayout
frontend/src/pages/notifications/NotificationsPage.tsx	50	ContentToolbar
frontend/src/pages/notifications/NotificationsPage.tsx	51	button
frontend/src/pages/notifications/NotificationsPage.tsx	65	button
frontend/src/pages/notifications/NotificationsPage.tsx	66	button
frontend/src/pages/notifications/NotificationsPage.tsx	98	button
frontend/src/pages/notifications/NotificationsPage.tsx	105	DataTable
frontend/src/pages/orders/OrdersFilterBar.tsx	40	select
frontend/src/pages/orders/OrdersFilterBar.tsx	51	button
frontend/src/pages/orders/OrdersFormModal.tsx	85	select
frontend/src/pages/orders/OrdersFormModal.tsx	93	textarea
frontend/src/pages/orders/OrdersFormModal.tsx	96	button
frontend/src/pages/orders/OrdersFormModal.tsx	99	button
frontend/src/pages/orders/OrdersPage.tsx	48	button
frontend/src/pages/orders/OrdersPage.tsx	62	PageLayout
frontend/src/pages/orders/OrdersPage.tsx	66	button
frontend/src/pages/orders/OrdersPage.tsx	76	button
frontend/src/pages/orders/OrdersPage.tsx	91	ContentToolbar
frontend/src/pages/orders/OrdersTable.tsx	139	button
frontend/src/pages/orders/OrdersTable.tsx	143	button
frontend/src/pages/orders/OrdersTable.tsx	152	button
frontend/src/pages/orders/OrdersTable.tsx	161	button
frontend/src/pages/orders/OrdersTable.tsx	171	button
frontend/src/pages/orders/OrdersTable.tsx	181	button
frontend/src/pages/orders/OrdersTable.tsx	184	button
frontend/src/pages/orders/OrdersTable.tsx	187	button
frontend/src/pages/orders/OrdersTable.tsx	197	DataTable
frontend/src/pages/products/ProductEditPage.tsx	175	button
frontend/src/pages/products/ProductEditPage.tsx	183	button
frontend/src/pages/products/ProductEditPage.tsx	196	PageLayout
frontend/src/pages/products/ProductEditPage.tsx	200	ContentToolbar
frontend/src/pages/products/ProductEditPage.tsx	230	select
frontend/src/pages/products/ProductEditPage.tsx	237	select
frontend/src/pages/products/ProductEditPage.tsx	254	select
frontend/src/pages/products/ProductEditPage.tsx	277	select
frontend/src/pages/products/ProductEditPage.tsx	284	select
frontend/src/pages/products/ProductEditPage.tsx	301	select
frontend/src/pages/products/ProductEditPage.tsx	308	textarea
frontend/src/pages/products/ProductEditPage.tsx	345	select
frontend/src/pages/products/ProductEditPage.tsx	352	select
frontend/src/pages/products/ProductEditPage.tsx	359	select
frontend/src/pages/products/ProductsPage.tsx	190	button
frontend/src/pages/products/ProductsPage.tsx	199	button
frontend/src/pages/products/ProductsPage.tsx	214	ContentToolbar
frontend/src/pages/products/ProductsPage.tsx	219	select
frontend/src/pages/products/ProductsPage.tsx	234	button
frontend/src/pages/products/ProductsPage.tsx	268	button
frontend/src/pages/products/ProductsPage.tsx	271	button
frontend/src/pages/products/ProductsPage.tsx	274	button
frontend/src/pages/products/ProductsPage.tsx	286	table
frontend/src/pages/products/ProductsPage.tsx	422	button
frontend/src/pages/products/ProductsPage.tsx	435	button
frontend/src/pages/products/ProductsPage.tsx	465	PageLayout
frontend/src/pages/purchase-orders/PurchaseOrdersFormModal.tsx	134	button
frontend/src/pages/purchase-orders/PurchaseOrdersFormModal.tsx	137	button
frontend/src/pages/purchase-orders/PurchaseOrdersFormModal.tsx	155	select
frontend/src/pages/purchase-orders/PurchaseOrdersFormModal.tsx	165	table
frontend/src/pages/purchase-orders/PurchaseOrdersFormModal.tsx	201	button
frontend/src/pages/purchase-orders/PurchaseOrdersFormModal.tsx	209	button
frontend/src/pages/purchase-orders/PurchaseOrdersFormModal.tsx	215	textarea
frontend/src/pages/purchase-orders/PurchaseOrdersPage.tsx	178	PageLayout
frontend/src/pages/purchase-orders/PurchaseOrdersPage.tsx	190	ContentToolbar
frontend/src/pages/purchase-orders/PurchaseOrdersPage.tsx	192	select
frontend/src/pages/purchase-orders/PurchaseOrdersPage.tsx	198	button
frontend/src/pages/purchase-orders/PurchaseOrdersPage.tsx	242	button
frontend/src/pages/purchase-orders/PurchaseOrdersPage.tsx	246	button
frontend/src/pages/purchase-orders/PurchaseOrdersPage.tsx	255	button
frontend/src/pages/purchase-orders/PurchaseOrdersPage.tsx	259	button
frontend/src/pages/purchase-orders/PurchaseOrdersPage.tsx	268	button
frontend/src/pages/purchase-orders/PurchaseOrdersPage.tsx	277	button
frontend/src/pages/purchase-orders/PurchaseOrdersPage.tsx	290	DataTable
frontend/src/pages/quote-create/QuoteCreatePage.tsx	138	PageLayout
frontend/src/pages/quote-create/QuoteCreatePage.tsx	156	select
frontend/src/pages/quote-create/QuoteCreatePage.tsx	170	table
frontend/src/pages/quote-create/QuoteCreatePage.tsx	242	button
frontend/src/pages/quote-create/QuoteCreatePage.tsx	252	button
frontend/src/pages/quote-create/QuoteCreatePage.tsx	267	button
frontend/src/pages/quote-create/QuoteCreatePage.tsx	282	button
frontend/src/pages/quote-create/QuoteCreatePage.tsx	283	button
frontend/src/pages/quote-detail/QuoteDetailPage.tsx	125	PageLayout
frontend/src/pages/quote-detail/QuoteDetailPage.tsx	129	ContentToolbar
frontend/src/pages/quote-detail/QuoteDetailPage.tsx	133	button
frontend/src/pages/quote-detail/QuoteDetailPage.tsx	137	button
frontend/src/pages/quote-detail/QuoteDetailPage.tsx	138	button
frontend/src/pages/quote-detail/QuoteDetailPage.tsx	142	button
frontend/src/pages/quote-detail/QuoteDetailPage.tsx	145	button
frontend/src/pages/quote-detail/QuoteDetailPage.tsx	149	button
frontend/src/pages/quote-detail/QuoteDetailPage.tsx	175	table
frontend/src/pages/quotes/QuotesPage.tsx	86	PageLayout
frontend/src/pages/quotes/QuotesPage.tsx	91	button
frontend/src/pages/quotes/QuotesPage.tsx	92	button
frontend/src/pages/quotes/QuotesPage.tsx	97	ContentToolbar
frontend/src/pages/quotes/QuotesPage.tsx	100	button
frontend/src/pages/quotes/QuotesPage.tsx	112	button
frontend/src/pages/quotes/QuotesPage.tsx	137	button
frontend/src/pages/quotes/QuotesPage.tsx	167	button
frontend/src/pages/quotes/QuotesPage.tsx	171	DataTable
frontend/src/pages/register/RegisterAddressPage.tsx	294	button
frontend/src/pages/register/RegisterAddressPage.tsx	461	button
frontend/src/pages/register/RegisterChangeBillingPage.tsx	227	button
frontend/src/pages/register/RegisterChangeBillingPage.tsx	407	button
frontend/src/pages/register/RegisterPage.tsx	279	button
frontend/src/pages/register/RegisterPage.tsx	538	button
frontend/src/pages/roles/RolesPage.tsx	339	button
frontend/src/pages/roles/RolesPage.tsx	353	button
frontend/src/pages/roles/RolesPage.tsx	365	button
frontend/src/pages/roles/RolesPage.tsx	397	button
frontend/src/pages/roles/RolesPage.tsx	399	button
frontend/src/pages/roles/RolesPage.tsx	403	button
frontend/src/pages/roles/RolesPage.tsx	406	button
frontend/src/pages/roles/RolesPage.tsx	530	Select
frontend/src/pages/roles/RolesPage.tsx	537	textarea
frontend/src/pages/roles/RolesPage.tsx	540	button
frontend/src/pages/roles/RolesPage.tsx	541	button
frontend/src/pages/roles/RolesPage.tsx	566	button
frontend/src/pages/roles/RolesPage.tsx	567	button
frontend/src/pages/sales/SalesPage.tsx	82	PageLayout
frontend/src/pages/sales/SalesPage.tsx	167	button
frontend/src/pages/sales/SalesPage.tsx	179	DataTable
frontend/src/pages/schedule/SchedulePageImpl.tsx	220	button
frontend/src/pages/schedule/SchedulePageImpl.tsx	230	button
frontend/src/pages/schedule/SchedulePageImpl.tsx	239	button
frontend/src/pages/schedule/SchedulePageImpl.tsx	288	select
frontend/src/pages/schedule/SchedulePageImpl.tsx	376	textarea
frontend/src/pages/schedule/SchedulePageImpl.tsx	390	Button
frontend/src/pages/schedule/SchedulePageImpl.tsx	393	Button
frontend/src/pages/schedule/SchedulePageImpl.tsx	400	Button
frontend/src/pages/schedule/SchedulePageImpl.tsx	404	Button
frontend/src/pages/schedule/SchedulePageImpl.tsx	447	Button
frontend/src/pages/schedule/SchedulePageImpl.tsx	457	Button
frontend/src/pages/schedule/SchedulePageImpl.tsx	467	Button
frontend/src/pages/schedule/SchedulePageImpl.tsx	488	button
frontend/src/pages/schedule/SchedulePageImpl.tsx	611	button
frontend/src/pages/schedule/SchedulePageImpl.tsx	635	button
frontend/src/pages/schedule/SchedulePageImpl.tsx	681	button
frontend/src/pages/schedule/SchedulePageImpl.tsx	696	button
frontend/src/pages/schedule/SchedulePageImpl.tsx	785	button
frontend/src/pages/schedule/SchedulePageImpl.tsx	1103	PageLayout
frontend/src/pages/schedule/SchedulePageImpl.tsx	1110	Button
frontend/src/pages/schedule/SchedulePageImpl.tsx	1111	Button
frontend/src/pages/schedule/SchedulePageImpl.tsx	1114	Button
frontend/src/pages/schedule/SchedulePageImpl.tsx	1123	Button
frontend/src/pages/schedule/SchedulePageImpl.tsx	1133	Button
frontend/src/pages/schedule/SchedulePageImpl.tsx	1146	button
frontend/src/pages/schedule/SchedulePageImpl.tsx	1177	button
frontend/src/pages/schedule/ScheduleSettingsPage.tsx	110	PageLayout
frontend/src/pages/schedule/ScheduleSettingsPage.tsx	119	PageLayout
frontend/src/pages/schedule/ScheduleSettingsPage.tsx	127	button
frontend/src/pages/schedule/ScheduleSettingsPage.tsx	135	button
frontend/src/pages/schedule/ScheduleSettingsPage.tsx	170	select
frontend/src/pages/schedule/ScheduleSettingsPage.tsx	179	Button
frontend/src/pages/schedule/ScheduleSettingsPage.tsx	225	select
frontend/src/pages/schedule/ScheduleSettingsPage.tsx	234	Button
frontend/src/pages/shifts/ShiftsPage.tsx	45	PageLayout
frontend/src/pages/shifts/ShiftsPage.tsx	50	ContentToolbar
frontend/src/pages/shifts/ShiftsPage.tsx	52	button
frontend/src/pages/shifts/ShiftsPage.tsx	66	Select
frontend/src/pages/shifts/ShiftsPage.tsx	79	button
frontend/src/pages/shifts/ShiftsPage.tsx	80	button
frontend/src/pages/shifts/ShiftsPage.tsx	113	button
frontend/src/pages/shifts/ShiftsPage.tsx	119	DataTable
frontend/src/pages/staff/StaffEditPage.tsx	148	PageLayout
frontend/src/pages/staff/StaffEditPage.tsx	178	Select
frontend/src/pages/staff/StaffEditPage.tsx	186	Select
frontend/src/pages/staff/StaffEditPage.tsx	225	button
frontend/src/pages/staff/StaffEditPage.tsx	226	button
frontend/src/pages/staff/StaffFormFields.tsx	66	Select
frontend/src/pages/staff/StaffFormFields.tsx	74	Select
frontend/src/pages/staff/StaffPage.tsx	212	PageLayout
frontend/src/pages/staff/StaffPage.tsx	217	ContentToolbar
frontend/src/pages/staff/StaffPage.tsx	219	button
frontend/src/pages/staff/StaffPage.tsx	261	Select
frontend/src/pages/staff/StaffPage.tsx	269	Select
frontend/src/pages/staff/StaffPage.tsx	299	button
frontend/src/pages/staff/StaffPage.tsx	300	button
frontend/src/pages/staff/StaffPage.tsx	321	button
frontend/src/pages/staff/StaffPage.tsx	322	button
frontend/src/pages/staff/StaffPage.tsx	365	button
frontend/src/pages/staff/StaffPage.tsx	366	button
frontend/src/pages/staff/StaffPage.tsx	372	DataTable
frontend/src/pages/staff-reports/StaffReportsPage.tsx	50	PageLayout
frontend/src/pages/staff-reports/StaffReportsPage.tsx	54	ContentToolbar
frontend/src/pages/staff-reports/StaffReportsPage.tsx	56	Select
frontend/src/pages/staff-reports/StaffReportsPage.tsx	68	button
frontend/src/pages/staff-reports/StaffReportsPage.tsx	79	Select
frontend/src/pages/staff-reports/StaffReportsPage.tsx	89	textarea
frontend/src/pages/staff-reports/StaffReportsPage.tsx	90	textarea
frontend/src/pages/staff-reports/StaffReportsPage.tsx	91	textarea
frontend/src/pages/staff-reports/StaffReportsPage.tsx	93	button
frontend/src/pages/staff-reports/StaffReportsPage.tsx	94	button
frontend/src/pages/staff-reports/StaffReportsPage.tsx	99	table
frontend/src/pages/super-admin/DexTab.tsx	173	button
frontend/src/pages/super-admin/DexTab.tsx	193	select
frontend/src/pages/super-admin/DexTab.tsx	206	button
frontend/src/pages/super-admin/DexTab.tsx	222	button
frontend/src/pages/super-admin/DexTab.tsx	276	button
frontend/src/pages/super-admin/DexTab.tsx	321	button
frontend/src/pages/super-admin/DexTab.tsx	324	button
frontend/src/pages/super-admin/DexTab.tsx	343	table
frontend/src/pages/super-admin/FxRatePage.tsx	76	PageLayout
frontend/src/pages/super-admin/FxRatePage.tsx	87	PageLayout
frontend/src/pages/super-admin/FxRatePage.tsx	91	ContentToolbar
frontend/src/pages/super-admin/FxRatePage.tsx	93	button
frontend/src/pages/super-admin/FxRatePage.tsx	123	table
frontend/src/pages/super-admin/KnowledgeAliasesTab.tsx	336	button
frontend/src/pages/super-admin/KnowledgeAliasesTab.tsx	339	button
frontend/src/pages/super-admin/KnowledgeAliasesTab.tsx	342	button
frontend/src/pages/super-admin/KnowledgeAliasesTab.tsx	352	table
frontend/src/pages/super-admin/KnowledgeAliasesTab.tsx	387	button
frontend/src/pages/super-admin/KnowledgeAliasesTab.tsx	414	button
frontend/src/pages/super-admin/KnowledgeAliasesTab.tsx	417	button
frontend/src/pages/super-admin/KnowledgeAliasesTab.tsx	420	button
frontend/src/pages/super-admin/KnowledgeAliasesTab.tsx	430	table
frontend/src/pages/super-admin/KnowledgeAliasesTab.tsx	459	button
frontend/src/pages/super-admin/KnowledgeAliasesTab.tsx	481	select
frontend/src/pages/super-admin/KnowledgeAliasesTab.tsx	508	button
frontend/src/pages/super-admin/KnowledgeAliasesTab.tsx	519	textarea
frontend/src/pages/super-admin/KnowledgeAliasesTab.tsx	541	select
frontend/src/pages/super-admin/KnowledgeAliasesTab.tsx	549	select
frontend/src/pages/super-admin/KnowledgeAliasesTab.tsx	566	select
frontend/src/pages/super-admin/KnowledgeAliasesTab.tsx	578	button
frontend/src/pages/super-admin/KnowledgeAliasesTab.tsx	579	button
frontend/src/pages/super-admin/KnowledgeAliasesTab.tsx	595	select
frontend/src/pages/super-admin/KnowledgeAliasesTab.tsx	617	select
frontend/src/pages/super-admin/KnowledgeAliasesTab.tsx	631	button
frontend/src/pages/super-admin/KnowledgeAliasesTab.tsx	632	button
frontend/src/pages/super-admin/LLMBudgetTab.tsx	120	table
frontend/src/pages/super-admin/LLMBudgetTab.tsx	148	button
frontend/src/pages/super-admin/LLMBudgetTab.tsx	226	button
frontend/src/pages/super-admin/LLMBudgetTab.tsx	233	button
frontend/src/pages/super-admin/ParseReviewPage.tsx	380	PageLayout
frontend/src/pages/super-admin/ParseReviewPage.tsx	394	PageLayout
frontend/src/pages/super-admin/ParseReviewPage.tsx	494	table
frontend/src/pages/super-admin/ParseReviewPage.tsx	574	select
frontend/src/pages/super-admin/ParseReviewPage.tsx	595	select
frontend/src/pages/super-admin/ParseReviewPage.tsx	616	select
frontend/src/pages/super-admin/ParseReviewPage.tsx	637	select
frontend/src/pages/super-admin/ParseReviewPage.tsx	832	textarea
frontend/src/pages/super-admin/ParseReviewPage.tsx	844	button
frontend/src/pages/super-admin/ParseReviewPage.tsx	852	button
frontend/src/pages/super-admin/ParseReviewPage.tsx	881	textarea
frontend/src/pages/super-admin/ParseReviewPage.tsx	890	button
frontend/src/pages/super-admin/ParseReviewPage.tsx	898	button
frontend/src/pages/super-admin/ProductMastersTab.tsx	211	ContentToolbar
frontend/src/pages/super-admin/ProductMastersTab.tsx	228	button
frontend/src/pages/super-admin/ProductMastersTab.tsx	230	button
frontend/src/pages/super-admin/ProductMastersTab.tsx	256	button
frontend/src/pages/super-admin/ProductMastersTab.tsx	260	button
frontend/src/pages/super-admin/ProductMastersTab.tsx	267	table
frontend/src/pages/super-admin/ProductMastersTab.tsx	295	button
frontend/src/pages/super-admin/ProductMastersTab.tsx	298	button
frontend/src/pages/super-admin/ProductMastersTab.tsx	332	button
frontend/src/pages/super-admin/SuppliersAdminTab.tsx	235	button
frontend/src/pages/super-admin/SuppliersAdminTab.tsx	236	button
frontend/src/pages/super-admin/SuppliersAdminTab.tsx	237	button
frontend/src/pages/super-admin/SuppliersAdminTab.tsx	241	table
frontend/src/pages/super-admin/SuppliersAdminTab.tsx	265	button
frontend/src/pages/super-admin/SuppliersAdminTab.tsx	275	button
frontend/src/pages/super-admin/SuppliersAdminTab.tsx	277	button
frontend/src/pages/super-admin/SuppliersAdminTab.tsx	323	button
frontend/src/pages/super-admin/SuppliersAdminTab.tsx	330	button
frontend/src/pages/super-admin/SuppliersAdminTab.tsx	331	button
frontend/src/pages/super-admin/SuppliersAdminTab.tsx	346	button
frontend/src/pages/super-admin/SuppliersAdminTab.tsx	348	table
frontend/src/pages/super-admin/SuppliersAdminTab.tsx	362	button
frontend/src/pages/super-admin/SuppliersAdminTab.tsx	370	button
frontend/src/pages/super-admin/TcgDistributionPage.tsx	39	PageLayout
frontend/src/pages/super-admin/TcgDistributionPage.tsx	47	PageLayout
frontend/src/pages/super-admin/TcgDistributionPage.tsx	56	button
frontend/src/pages/super-admin/TcgDistributionPage.tsx	68	PageLayout
frontend/src/pages/super-admin/TcgLineImportPage.tsx	207	PageLayout
frontend/src/pages/super-admin/TcgLineImportPage.tsx	215	PageLayout
frontend/src/pages/super-admin/TcgLineImportPage.tsx	228	PageLayout
frontend/src/pages/super-admin/TcgLineImportPage.tsx	342	Button
frontend/src/pages/super-admin/TcgLineImportPage.tsx	453	button
frontend/src/pages/super-admin/TcgLineImportPage.tsx	515	table
frontend/src/pages/super-admin/TcgParallelReportPage.tsx	114	PageLayout
frontend/src/pages/super-admin/TcgParallelReportPage.tsx	117	PageLayout
frontend/src/pages/super-admin/TcgParallelReportPage.tsx	124	PageLayout
frontend/src/pages/super-admin/TcgParallelReportPage.tsx	140	button
frontend/src/pages/super-admin/TcgParallelReportPage.tsx	156	table
frontend/src/pages/super-admin/TcgParallelReportPage.tsx	201	table
frontend/src/pages/super-admin/TcgSeriesTab.tsx	189	select
frontend/src/pages/super-admin/TcgSeriesTab.tsx	197	button
frontend/src/pages/super-admin/TcgSeriesTab.tsx	243	button
frontend/src/pages/super-admin/TcgSeriesTab.tsx	276	button
frontend/src/pages/super-admin/TcgSeriesTab.tsx	299	select
frontend/src/pages/super-admin/TcgSeriesTab.tsx	326	button
frontend/src/pages/super-admin/TcgSeriesTab.tsx	331	table
frontend/src/pages/super-admin/TcgSeriesTab.tsx	359	button
frontend/src/pages/super-admin/TcgSeriesTab.tsx	364	button
frontend/src/pages/super-admin/TcgSupplierQualityPage.tsx	29	PageLayout
frontend/src/pages/super-admin/TcgSupplierQualityPage.tsx	33	PageLayout
frontend/src/pages/super-admin/TcgSupplierQualityPage.tsx	40	Button
frontend/src/pages/super-admin/TcgSupplierQualityPage.tsx	46	PageLayout
frontend/src/pages/suppliers/SupplierEditPage.tsx	71	PageLayout
frontend/src/pages/suppliers/SupplierEditPage.tsx	79	button
frontend/src/pages/suppliers/SupplierEditPage.tsx	86	button
frontend/src/pages/suppliers/SupplierFormFields.tsx	61	textarea
frontend/src/pages/suppliers/SupplierFormFields.tsx	68	textarea
frontend/src/pages/suppliers/SuppliersPage.tsx	100	PageLayout
frontend/src/pages/suppliers/SuppliersPage.tsx	106	ContentToolbar
frontend/src/pages/suppliers/SuppliersPage.tsx	107	button
frontend/src/pages/suppliers/SuppliersPage.tsx	124	button
frontend/src/pages/suppliers/SuppliersPage.tsx	125	button
frontend/src/pages/suppliers/SuppliersPage.tsx	143	button
frontend/src/pages/suppliers/SuppliersPage.tsx	144	button
frontend/src/pages/suppliers/SuppliersPage.tsx	158	button
frontend/src/pages/suppliers/SuppliersPage.tsx	159	button
frontend/src/pages/suppliers/SuppliersPage.tsx	164	DataTable
frontend/src/pages/suppliers/SuppliersPage.tsx	194	button
frontend/src/pages/suppliers/SuppliersPage.tsx	207	button
frontend/src/pages/teams/TeamEditPage.tsx	59	PageLayout
frontend/src/pages/teams/TeamEditPage.tsx	67	button
frontend/src/pages/teams/TeamEditPage.tsx	74	button
frontend/src/pages/teams/TeamFormFields.tsx	44	textarea
frontend/src/pages/teams/TeamsPage.tsx	172	PageLayout
frontend/src/pages/teams/TeamsPage.tsx	178	ContentToolbar
frontend/src/pages/teams/TeamsPage.tsx	180	button
frontend/src/pages/teams/TeamsPage.tsx	200	button
frontend/src/pages/teams/TeamsPage.tsx	203	button
frontend/src/pages/teams/TeamsPage.tsx	221	button
frontend/src/pages/teams/TeamsPage.tsx	224	button
frontend/src/pages/teams/TeamsPage.tsx	243	button
frontend/src/pages/teams/TeamsPage.tsx	253	button
frontend/src/pages/teams/TeamsPage.tsx	258	DataTable
frontend/src/pages/teams/TeamsPage.tsx	280	button
frontend/src/pages/teams/TeamsPage.tsx	282	button
frontend/src/pages/teams/TeamsPage.tsx	285	button
frontend/src/pages/teams/TeamsPage.tsx	291	DataTable
