"file"	"line"	"tag"	"className"
"frontend/src/components/CommissionPanel.tsx"	"204"	"select"	""
"frontend/src/components/CompanyContactSelector.tsx"	"190"	"select"	""
"frontend/src/components/CompanyContactSelector.tsx"	"214"	"select"	""
"frontend/src/components/PurchaseDetailPanel.tsx"	"423"	"select"	""
"frontend/src/components/Select.tsx"	"53"	"select"	"{controlClass}"
"frontend/src/components/ShippingDetailPanel.tsx"	"510"	"select"	""
"frontend/src/features/tcg-analysis-review/ItemComparison.tsx"	"17"	"select"	""
"frontend/src/pages/account-settings/PreferencesSection.tsx"	"38"	"select"	"""account-settings-lang-select"""
"frontend/src/pages/admin/TenantPolicyPage.tsx"	"166"	"select"	""
"frontend/src/pages/admin/TenantPolicyPage.tsx"	"265"	"select"	""
"frontend/src/pages/admin/TenantPolicyPage.tsx"	"282"	"select"	""
"frontend/src/pages/admin/TenantProfilePage.tsx"	"233"	"select"	""
"frontend/src/pages/bots/BotsPage.tsx"	"232"	"select"	""
"frontend/src/pages/bots/BotsPage.tsx"	"240"	"select"	""
"frontend/src/pages/bots/BotsPage.tsx"	"247"	"select"	""
"frontend/src/pages/commission-settings/CommissionSettingsPage.tsx"	"205"	"select"	""
"frontend/src/pages/companies/CompaniesPage.tsx"	"504"	"select"	""
"frontend/src/pages/company-detail/CompanyBasicTab.tsx"	"83"	"select"	""
"frontend/src/pages/company-detail/CompanyConvLogsTab.tsx"	"73"	"select"	"""conv-logs-filter-select"""
"frontend/src/pages/contacts/ContactsPage.tsx"	"272"	"select"	"""search-input field-h-md field-w-sm"""
"frontend/src/pages/contacts/ContactsPage.tsx"	"307"	"select"	""
"frontend/src/pages/contacts/ContactsPage.tsx"	"340"	"select"	""
"frontend/src/pages/dashboard/DashboardPage.tsx"	"412"	"select"	"""page-header-select"""
"frontend/src/pages/dashboard/DashboardPage.tsx"	"441"	"select"	"""page-header-select"""
"frontend/src/pages/goal-setting/GoalSettingPage.tsx"	"709"	"select"	"""gs-select"""
"frontend/src/pages/inbox/InboxConversationList.tsx"	"147"	"select"	"""inbox-page-filter-select"""
"frontend/src/pages/inbox/InboxKartePanel.tsx"	"446"	"select"	"""right-panel-field"""
"frontend/src/pages/inbox/InboxKartePanel.tsx"	"513"	"select"	"""right-panel-field"""
"frontend/src/pages/inbox/InboxKartePanel.tsx"	"526"	"select"	"""right-panel-field"""
"frontend/src/pages/inbox/InboxKartePanel.tsx"	"540"	"select"	"""right-panel-field"""
"frontend/src/pages/inbox/InboxKartePanel.tsx"	"556"	"select"	"""right-panel-field"""
"frontend/src/pages/inbox/InboxMessageThread.tsx"	"370"	"select"	"""inbox-platform-select"""
"frontend/src/pages/inbox/InboxPage.tsx"	"91"	"select"	"""inbox-platform-select"""
"frontend/src/pages/inbox/InboxProfileModal.tsx"	"161"	"select"	"""right-panel-field"""
"frontend/src/pages/inbox/InboxProfileModal.tsx"	"200"	"select"	"""right-panel-field"""
"frontend/src/pages/inbox/InboxProfileModal.tsx"	"215"	"select"	"""right-panel-field"""
"frontend/src/pages/inbox/InboxProfileModal.tsx"	"226"	"select"	"""right-panel-field"""
"frontend/src/pages/inbox/InboxSettingsModal.tsx"	"37"	"select"	"""inbox-settings-select"""
"frontend/src/pages/inbox/ManualRecordSection.tsx"	"126"	"select"	"""manual-record-select"""
"frontend/src/pages/integrations/FedexEtdSetupGuide.tsx"	"492"	"select"	""
"frontend/src/pages/integrations/PaypalIntegrationPage.tsx"	"162"	"select"	""
"frontend/src/pages/inventory/InventoryPage.tsx"	"476"	"select"	""
"frontend/src/pages/invoice-create/InvoiceCreatePage.tsx"	"307"	"select"	""
"frontend/src/pages/orders/OrdersFilterBar.tsx"	"40"	"select"	"""field-h-md field-w-sm"""
"frontend/src/pages/orders/OrdersFormModal.tsx"	"85"	"select"	""
"frontend/src/pages/products/ProductEditPage.tsx"	"230"	"select"	""
"frontend/src/pages/products/ProductEditPage.tsx"	"237"	"select"	""
"frontend/src/pages/products/ProductEditPage.tsx"	"254"	"select"	""
"frontend/src/pages/products/ProductEditPage.tsx"	"277"	"select"	""
"frontend/src/pages/products/ProductEditPage.tsx"	"284"	"select"	""
"frontend/src/pages/products/ProductEditPage.tsx"	"301"	"select"	""
"frontend/src/pages/products/ProductEditPage.tsx"	"345"	"select"	""
"frontend/src/pages/products/ProductEditPage.tsx"	"352"	"select"	""
"frontend/src/pages/products/ProductEditPage.tsx"	"359"	"select"	""
"frontend/src/pages/products/ProductsPage.tsx"	"219"	"select"	"""field-h-md field-w-sm"""
"frontend/src/pages/purchase-orders/PurchaseOrdersFormModal.tsx"	"155"	"select"	""
"frontend/src/pages/purchase-orders/PurchaseOrdersPage.tsx"	"192"	"select"	"""field-h-md field-w-sm"""
"frontend/src/pages/quote-create/QuoteCreatePage.tsx"	"156"	"select"	""
"frontend/src/pages/schedule/SchedulePageImpl.tsx"	"288"	"select"	"""schedule-input"""
"frontend/src/pages/schedule/ScheduleSettingsPage.tsx"	"170"	"select"	"""schedule-input"""
"frontend/src/pages/schedule/ScheduleSettingsPage.tsx"	"225"	"select"	"""schedule-input"""
"frontend/src/pages/super-admin/DexTab.tsx"	"193"	"select"	""
"frontend/src/pages/super-admin/KnowledgeAliasesTab.tsx"	"481"	"select"	""
"frontend/src/pages/super-admin/KnowledgeAliasesTab.tsx"	"541"	"select"	""
"frontend/src/pages/super-admin/KnowledgeAliasesTab.tsx"	"549"	"select"	""
"frontend/src/pages/super-admin/KnowledgeAliasesTab.tsx"	"566"	"select"	""
"frontend/src/pages/super-admin/KnowledgeAliasesTab.tsx"	"595"	"select"	""
"frontend/src/pages/super-admin/KnowledgeAliasesTab.tsx"	"617"	"select"	""
"frontend/src/pages/super-admin/ParseReviewPage.tsx"	"574"	"select"	""
"frontend/src/pages/super-admin/ParseReviewPage.tsx"	"595"	"select"	""
"frontend/src/pages/super-admin/ParseReviewPage.tsx"	"616"	"select"	""
"frontend/src/pages/super-admin/ParseReviewPage.tsx"	"637"	"select"	""
"frontend/src/pages/super-admin/TcgSeriesTab.tsx"	"189"	"select"	""
"frontend/src/pages/super-admin/TcgSeriesTab.tsx"	"299"	"select"	""
