code	name	action	変更する列	変更前の値の先頭40文字	変更後の値の先頭40文字
SP-00004	伊石侑生	new	price_format,qty_format,order_pattern,state_format,ship_format,notes,example_text	price_format:'NULL'; qty_format:'NULL'; order_pattern:'NULL'; state_format:'NULL'; ship_format:'NULL'; notes:'NULL'; example_text:'NULL'	price_format:'{数値}（円は付かないことが多い。バラは{数値}円）'; qty_format:'{数値}BOX / {数値}パック / {数値}枚 / {数値}カートン'; order_pattern:'["price","×","quantity","unit","status"]'; state_format:'行末に付記（シュリ無し、傷有り、サーチ済み）'; ship_format:'冒頭「当日16:00までのご注文で当日国内発送」'; notes:'商品名の行の下に「価格×数量単位」の行が1〜複数（状態違い）続く。◇で始まる行以'; example_text:'30th CELEBRATION BOX \n27,500×18BOX\n26,50'
SP-00005	カンジン	new	price_format,qty_format,order_pattern,default_unit,ship_format,notes,example_text	price_format:'NULL'; qty_format:'NULL'; order_pattern:'NULL'; default_unit:'BOX'; ship_format:'NULL'; notes:'NULL'; example_text:'NULL'	price_format:'＠の後ろの{数値}円'; qty_format:'{数値}個'; order_pattern:'["quantity","unit","@","price","yen"]'; default_unit:'個'; ship_format:'冒頭「明日N日発送商品のご案内」「14時までのご注文で当日発送」'; notes:'【区分】→◆商品名→「N個＠価格円」。「商品名 〆」は完売、「商品名＠N個」は残'; example_text:'◆30th\u3000CELEBRATION\n40個＠27500円\n\n◆30th CELE'
SP-00006	貞弘昂平	new	price_format,qty_format,order_pattern,state_format,ship_format,notes,example_text	price_format:'NULL'; qty_format:'NULL'; order_pattern:'NULL'; state_format:'NULL'; ship_format:'NULL'; notes:'NULL'; example_text:'NULL'	price_format:'{数値}円'; qty_format:'在庫{数値}'; order_pattern:'["stock_label","quantity","/","price","y'; state_format:'商品名に付記（シュリンク無し）'; ship_format:'【予約商品】は入荷次第順次発送'; notes:'・商品名 →「在庫N/価格円」。バルク（RR/RRR 被りあり）は1枚あたりの価'; example_text:'・メガドリーム\u3000 \n在庫50/13500円\n\n・ストームエメラルダ\u3000 \n在庫50'
SP-00007	倉田 和博	new	price_format,qty_format,order_pattern,state_format,ship_format,notes,example_text	price_format:'NULL'; qty_format:'NULL'; order_pattern:'NULL'; state_format:'NULL'; ship_format:'NULL'; notes:'NULL'; example_text:'NULL'	price_format:'単位/¥{数値}'; qty_format:'残り{数値}（完売は在庫なし）'; order_pattern:'["unit","/","yen_prefix","price","newlin'; state_format:'字下げした行（シュリ無し 等）'; ship_format:'予約は「入荷次第出荷」「N月入荷分」'; notes:'⚫︎商品名（複数行）→「単位/¥価格」→「残りN」または「完売」。同じ商品の下に'; example_text:'\u3000キャンペーンパック\n\u300010パックセット/¥5,000\n\u3000完売\n'
SP-00011	星野 良介	new	price_format,qty_format,order_pattern,ship_format,notes,example_text	price_format:'NULL'; qty_format:'NULL'; order_pattern:'NULL'; ship_format:'NULL'; notes:'NULL'; example_text:'NULL'	price_format:'{数値}（円なし）'; qty_format:'{数値}BOX / {数値}Pack'; order_pattern:'["quantity","unit","：","price"]'; ship_format:'冒頭「17時まで当日発送可能」、行末（届き次第発送）'; notes:'『商品名』→「数量単位：価格」。'; example_text:'『30th デッキセット』\n15BOX：19,500\n\n『FUTURISTIC '
SP-00018	SAMURAI-T	new	price_format,qty_format,order_pattern,default_unit,ship_format,notes,example_text	price_format:'NULL'; qty_format:'NULL'; order_pattern:'NULL'; default_unit:'BOX'; ship_format:'NULL'; notes:'NULL'; example_text:'NULL'	price_format:'単価：{数値}'; qty_format:'数量：{数値}カートン/BOX/セット/個'; order_pattern:'["数量：","quantity","unit","newline","単価："'; default_unit:'カートン'; ship_format:'商品ごとに「✅発送日①（要相談）」「✅即日発送可」「✅入荷次第発送」'; notes:'⚫︎商品名 → ✅発送 →「数量：N単位」→「単価：価格」（縦のラベル形式）。1'; example_text:'✅発送日①（要相談）\n数量：56カートン\n単価：290,000\n\n⚫︎神の支配【'
SP-00020	矢ヶ嵜裕史	new	price_format,qty_format,order_pattern,ship_format,notes,example_text	price_format:'NULL'; qty_format:'NULL'; order_pattern:'NULL'; ship_format:'NULL'; notes:'NULL'; example_text:'NULL'	price_format:'＠{数値}円'; qty_format:'{数値}BOX/カートン/個'; order_pattern:'["quantity","unit","space","@","price","'; ship_format:'商品名に（10/2入荷）、※土日祝発送休み'; notes:'◆商品名 →「数量単位\u3000＠価格円」。「1個\u300075,000円」のように＠が無い行も'; example_text:'◆ONE PIECE Card Game ANNIVERSARY SET "En'
SP-00029	JUN OKUBAYASHI	new	price_format,qty_format,order_pattern,state_format,ship_format,notes,example_text	price_format:'NULL'; qty_format:'NULL'; order_pattern:'NULL'; state_format:'NULL'; ship_format:'NULL'; notes:'NULL'; example_text:'NULL'	price_format:'{数値}円（円が無い行もある）'; qty_format:'{数値}（単位なし）'; order_pattern:'["quantity","@","price","yen"]'; state_format:'数量の前に付記（シュリあり3@26300円）'; ship_format:'※発売日前日発送'; notes:'■/◼︎商品名 →「数量@価格」。目印の無い「数字@数字」は必ず 数量@価格（例'; example_text:'■30th CELEBRATION BOX\nシュリあり4@27400円\n\n◼︎M'
SP-00031	Yasu Kishi	new	price_format,qty_format,order_pattern,default_unit,state_format,ship_format,notes,example_text	price_format:'NULL'; qty_format:'NULL'; order_pattern:'NULL'; default_unit:'BOX'; state_format:'NULL'; ship_format:'NULL'; notes:'NULL'; example_text:'NULL'	price_format:'{数値}（円なし）'; qty_format:'{数値}箱/カートン（単位なしもある）'; order_pattern:'["price","×","quantity","unit"]'; default_unit:'箱'; state_format:'価格行の前の行（※角小潰れ…、シュリンク無し）'; ship_format:'冒頭「⚠️9/30明日対応です⚠️」、日祝休み'; notes:'商品名 →「価格×数量単位」。× と x、空白の有無が揺れる。目印の無い「数字×'; example_text:'ORIGINAL ART COLLECTION \n7400 x 50箱\n\n\n30'
SP-00033	T	new	price_format,qty_format,order_pattern,notes,example_text	price_format:'NULL'; qty_format:'NULL'; order_pattern:'NULL'; notes:'NULL'; example_text:'NULL'	price_format:'¥{数値}/単位'; qty_format:'{数値}BOX/カートン/冊/セット'; order_pattern:'["quantity","unit","newline","yen_prefix'; notes:'商品名 →「数量単位」→「¥価格/単位」（縦3行）。価格の桁区切り誤記あり（¥4'; example_text:'OP-07\n1カートン\n¥200,000/カートン\n\nOP-08'
SP-00034	かあ	new	price_format,qty_format,order_pattern,default_unit,notes,example_text	price_format:'NULL'; qty_format:'NULL'; order_pattern:'NULL'; default_unit:'BOX'; notes:'NULL'; example_text:'NULL'	price_format:'{数値}円（円が無い行もある）'; qty_format:'{数値}枚（単位なしもある）'; order_pattern:'["price","yen","×","quantity"]'; default_unit:'枚'; notes:'1行で「名前価格円×数量」または「名前数量枚価格円」。目印の無い「名前数字×数字'; example_text:'AR195円×3000\nモンボ5円×1520\n\n国内発送着払い\n転送サービス50'
SP-00036	末吉宏成	new	price_format,qty_format,order_pattern,default_unit,state_format,ship_format,notes,example_text	price_format:'NULL'; qty_format:'NULL'; order_pattern:'NULL'; default_unit:'BOX'; state_format:'NULL'; ship_format:'NULL'; notes:'NULL'; example_text:'NULL'	price_format:'＠{数値}円 / ¥{数値}'; qty_format:'在庫{数値}個/パック/冊/BOX'; order_pattern:'["@","price","yen","space","stock_label"'; default_unit:'個'; state_format:'商品名に付記（シュリなし ペリなし）'; ship_format:'行末（12月入荷次第発送）'; notes:'1投稿の中で並びが揺れる：「@価格円\u3000在庫N」「在庫N\u3000＠価格円」「在庫N（改行'; example_text:' ¥72,000\n\n(great ball)アビスアイ\u3000パック\u3000@140円\u3000在庫'
SP-00037	株式会社モノウリ ハタナカ	new	price_format,qty_format,order_pattern,default_unit,ship_format,notes,example_text	price_format:'NULL'; qty_format:'NULL'; order_pattern:'NULL'; default_unit:'BOX'; ship_format:'NULL'; notes:'NULL'; example_text:'NULL'	price_format:'¥{数値}'; qty_format:'在庫{数値}個'; order_pattern:'["yen_prefix","price","space","stock_lab'; default_unit:'個'; ship_format:'冒頭「15時までのご注文で当日発送可能」'; notes:'1行で「●商品名\u3000¥価格\u3000在庫N個」。'; example_text:'15時までのご注文で当日発送可能です！\n\n●アビスアイ\u3000¥8,500\u3000在庫38個'
SP-00042	平田光希	new	price_format,qty_format,order_pattern,state_format,notes,example_text	price_format:'NULL'; qty_format:'NULL'; order_pattern:'NULL'; state_format:'NULL'; notes:'NULL'; example_text:'NULL'	price_format:'{数値}円'; qty_format:'在庫{数値}'; order_pattern:'["price","yen","space","stock_label","qu'; state_format:'商品名の次の行（シュリンク付き）'; notes:'商品名 →［単位の行（カートン/BOX）］→「価格円 在庫N」。1商品に単位ごと'; example_text:'カートン\n200,000円 在庫5\nBOX\n8,000円 在庫100\n'
SP-00043	武	new	price_format,qty_format,order_pattern,state_format,ship_format,notes,example_text	price_format:'NULL'; qty_format:'NULL'; order_pattern:'NULL'; state_format:'NULL'; ship_format:'NULL'; notes:'NULL'; example_text:'NULL'	price_format:'{数値}円/ 1単位'; qty_format:'{数値}点'; order_pattern:'["price","yen","/","1","unit","newline",'; state_format:'商品名に付記（（ラベル跡大）、（問屋品））'; ship_format:'商品名に（発送日要相談）'; notes:'◆商品名（仕入経路）→「価格円/ 1ケース」（または 1BOX）→「N点」。「/'; example_text:'◆ホロライブ\u3000ボリュームヴォルテックス（問屋）（発送日要相談）\n5000円/ 1'
SP-00044	miki	new	price_format,qty_format,order_pattern,default_unit,state_format,ship_format,notes,example_text	price_format:'NULL'; qty_format:'NULL'; order_pattern:'NULL'; default_unit:'BOX'; state_format:'NULL'; ship_format:'NULL'; notes:'NULL'; example_text:'NULL'	price_format:'{数値}円（円なしもある）'; qty_format:'{数値}箱'; order_pattern:'["quantity","unit","space","price","yen"'; default_unit:'箱'; state_format:'次の行（シュリンクあり/なし）'; ship_format:'冒頭「今日発送」「明日発送」'; notes:'商品名 →「数量箱\u3000価格円」。1行形式もある。'; example_text:'シュリンクあり\n38箱\u300028,000円\n\n遊戯王ARTWORK 80箱\u30007,90'
SP-00053	H	new	price_format,qty_format,order_pattern,state_format,notes,example_text	price_format:'NULL'; qty_format:'NULL'; order_pattern:'NULL'; state_format:'NULL'; notes:'NULL'; example_text:'NULL'	price_format:'{数値}（円なし）'; qty_format:'{数値}（単位なし）/ カートン'; order_pattern:'["price","×","quantity","unit"]'; state_format:'商品名の次の行（段ボール未開封 等）'; notes:'商品名 →「価格×数量[単位]」。「BOX 8,000×12」のように単位が先頭'; example_text:'スタートデッキ100コロコロコミック\n16,000×1\n\nスペシャルデッキセット'
SP-00067	MASAKI MIYAZAKI	new	price_format,qty_format,order_pattern,default_unit,state_format,notes,example_text	price_format:'NULL'; qty_format:'NULL'; order_pattern:'NULL'; default_unit:'BOX'; state_format:'NULL'; notes:'NULL'; example_text:'NULL'	price_format:'{数値}円'; qty_format:'在庫{数値} / {数値}BOX'; order_pattern:'["price","yen","/","stock_label","quanti'; default_unit:'カートン'; state_format:'商品名に付記（(緑テープ)）'; notes:'商品名（単位込み）→「価格円/在庫N」。「4BOX@18,500円」（数量@価格'; example_text:'30th CELEBRATION box\n25,300円/在庫53\n\nMEGA '
SP-00075	Rikiya	new	price_format,qty_format,order_pattern,state_format,ship_format,notes,example_text	price_format:'NULL'; qty_format:'NULL'; order_pattern:'NULL'; state_format:'NULL'; ship_format:'NULL'; notes:'NULL'; example_text:'NULL'	price_format:'@{数値}円'; qty_format:'{数値}BOX/カートン/個/冊'; order_pattern:'["quantity","unit","@","price","yen"]'; state_format:'行末（検品のため一度開封済み）'; ship_format:'🟠予約🟠'; notes:'・商品名 →「数量単位@価格円」。'; example_text:'・ONE PIECE magazine Vol.21（ワンピースマガジン ヒロイ'
SP-00107	けい	new	price_format,qty_format,order_pattern,state_format,ship_format,notes,example_text	price_format:'NULL'; qty_format:'NULL'; order_pattern:'NULL'; state_format:'NULL'; ship_format:'NULL'; notes:'NULL'; example_text:'NULL'	price_format:'{数値}円'; qty_format:'数量{数値} / 残り{数値}ボックス'; order_pattern:'["price","yen","space","数量","quantity"]'; state_format:'次の行（シュリンク付き、※送り状跡あり）'; ship_format:'冒頭「17時までの注文で当日発送」、【予約】発売日発送'; notes:'🔥商品名 →［状態］→「価格円\u3000数量N」または「価格円\u3000残りNボックス」。「カー'; example_text:'🔥30th FUTURISTIC BOX\n64,000円\u3000数量3\n\n🔥30th '
SP-00111	たいし	new	price_format,qty_format,order_pattern,state_format,notes,example_text	price_format:'NULL'; qty_format:'NULL'; order_pattern:'NULL'; state_format:'NULL'; notes:'NULL'; example_text:'NULL'	price_format:'@{数値}円'; qty_format:'在庫{数値}'; order_pattern:'["@","price","yen","space","stock_label"'; state_format:'行末（（シュリンクなし））'; notes:'◆商品名 →「@価格円 在庫N」（1商品に複数行）。「◆ARバルク、50枚セット'; example_text:'◆30th CELEBRATION\n@26000円 在庫35\n\n◆PRB-02\n'
SP-00112	たいち	new	price_format,qty_format,order_pattern,ship_format,notes,example_text	price_format:'NULL'; qty_format:'NULL'; order_pattern:'NULL'; ship_format:'NULL'; notes:'NULL'; example_text:'NULL'	price_format:'@{数値}'; qty_format:'数量{数値}'; order_pattern:'["数量","quantity","space","@","price"]'; ship_format:'「17:00までのご注文で当日発送」'; notes:'商品名 →「数量N @価格」。'; example_text:'OP-17 世界最強の戦士\n数量300 @12,000\n\n・元払い東京発送\n・1'
SP-00116	ないとう なっちゃん	new	price_format,qty_format,order_pattern,state_format,notes,example_text	price_format:'NULL'; qty_format:'NULL'; order_pattern:'NULL'; state_format:'NULL'; notes:'NULL'; example_text:'NULL'	price_format:'¥{数値}'; qty_format:'{数値}BOX/個/CTN'; order_pattern:'["yen_prefix","price","×","quantity","un'; state_format:'商品名に付記（（シュリンクなし））'; notes:'1行で「・商品名 ¥価格 × 数量単位」。CTN はカートン。'; example_text:'━ ポケモンカード (BOX) ━\n・MEGA拡張パック 30th CELEBR'
SP-00122	もと	new	price_format,qty_format,order_pattern,state_format,notes,example_text	price_format:'NULL'; qty_format:'NULL'; order_pattern:'NULL'; state_format:'NULL'; notes:'NULL'; example_text:'NULL'	price_format:'{数値}（区切り無し）'; qty_format:'在庫{数値}'; order_pattern:'["price","stock_label","quantity"]'; state_format:'商品名に付記（しゅりあり）'; notes:'商品名 →「価格在庫N」（例：10600在庫120）。'; example_text:'ストームしゅりあり\n10600在庫120\n\n30th\n27900在庫14'
SP-00127	り	new	price_format,qty_format,order_pattern,state_format,ship_format,notes,example_text	price_format:'NULL'; qty_format:'NULL'; order_pattern:'NULL'; state_format:'NULL'; ship_format:'NULL'; notes:'NULL'; example_text:'NULL'	price_format:'@{数値}円'; qty_format:'{数値}BOX/カートン'; order_pattern:'["quantity","unit","@","price","yen"]'; state_format:'行末（(シュリ無し)）'; ship_format:'見出し「※9/30発送分」'; notes:'☑️商品名 →「数量単位@価格円」。「下記商品\u3000〆」＋一覧は完売。'; example_text:'☑️ FB-11\n1BOX@8,000円\n'
SP-00133	ビヨンドスタッフ	new	price_format,qty_format,order_pattern,state_format,ship_format,notes,example_text	price_format:'NULL'; qty_format:'NULL'; order_pattern:'NULL'; state_format:'NULL'; ship_format:'NULL'; notes:'NULL'; example_text:'NULL'	price_format:'＠{数値}'; qty_format:'在庫{数値}'; order_pattern:'["stock_label","quantity","space","@","p'; state_format:'商品名の次の行（シュリ無し）'; ship_format:'冒頭「9/18までに発送」、行末【9/17発送】'; notes:'商品名 →［状態］→「在庫N ＠価格［【発送注記】］」。'; example_text:'シュリ無し\n\n在庫40  ＠20000\n\nMEGA 30th CELEBRATI'
SP-00136	下司弘樹	new	price_format,qty_format,order_pattern,state_format,ship_format,notes,example_text	price_format:'NULL'; qty_format:'NULL'; order_pattern:'NULL'; state_format:'NULL'; ship_format:'NULL'; notes:'NULL'; example_text:'NULL'	price_format:'@{数値}円'; qty_format:'{数値}BOX/パック'; order_pattern:'["quantity","unit","@","price","yen"]'; state_format:'次の行（シュリンク無し、※買取品）'; ship_format:'冒頭「明日9/27発送」'; notes:'商品名 →［状態］→「数量単位@価格円」（BOX とパックの行が続く）。'; example_text:'ストームエメラルダ\n20BOX@11,500円\nシュリンク無し\n20BOX@10'
SP-00138	中村　敦	new	price_format,qty_format,order_pattern,state_format,ship_format,notes,example_text	price_format:'NULL'; qty_format:'NULL'; order_pattern:'NULL'; state_format:'NULL'; ship_format:'NULL'; notes:'NULL'; example_text:'NULL'	price_format:'@{数値}円'; qty_format:'{数値}BOX/カートン/冊/個/枚'; order_pattern:'["quantity","unit","@","price","yen"]'; state_format:'次の行（ダメージ有り、検品のため開封済み）'; ship_format:'冒頭「在庫品は14時までのご注文で当日発送」'; notes:'商品名 →「数量［ ］単位@価格円」。一覧の中の「完売中」は完売。'; example_text:'ONE PIECE magazine Vol.21（ワンピースマガジン ヒロイン'
SP-00141	佐々木優太	new	price_format,qty_format,order_pattern,ship_format,notes,example_text	price_format:'NULL'; qty_format:'NULL'; order_pattern:'NULL'; ship_format:'NULL'; notes:'NULL'; example_text:'NULL'	price_format:'@{数値}（円なし）'; qty_format:'{数値}box/case（単位なしもある）'; order_pattern:'["quantity","unit","@","price"]'; ship_format:'行末「発送日要相談」'; notes:'■商品名 →「数量[box]@価格」。目印の無い「数字@数字」は必ず 数量@価格'; example_text:'・カードセット キモリ・アチャモ・ミズゴロウ\n\n518box@3,800\n\n・カ'
SP-00143	吉田	new	price_format,qty_format,order_pattern,state_format,ship_format,notes,example_text	price_format:'NULL'; qty_format:'NULL'; order_pattern:'NULL'; state_format:'NULL'; ship_format:'NULL'; notes:'NULL'; example_text:'NULL'	price_format:'@{数値}円'; qty_format:'在庫{数値}'; order_pattern:'["@","price","yen","space","stock_label"'; state_format:'価格の前（シュリンクあり@…、ダメージ品）'; ship_format:'「14時半までのご注文により当日出荷」'; notes:'⚫︎商品名 →「[状態]@価格円 在庫N」。1行形式もある。'; example_text:'⚫︎30th CELEBRATION Booster BOX\nシュリンクあり@2'
SP-00163	株式会社KMS	new	price_format,qty_format,order_pattern,state_format,ship_format,notes,example_text	price_format:'NULL'; qty_format:'NULL'; order_pattern:'NULL'; state_format:'NULL'; ship_format:'NULL'; notes:'NULL'; example_text:'NULL'	price_format:'{数値}（円が付く行もある）'; qty_format:'{数値}box/カートン（単位なしもある）'; order_pattern:'["price","×","quantity","unit"]'; state_format:'行末（(凹みあり)）'; ship_format:'行末(発送日要相談)'; notes:'商品名 →「価格×数量単位」。目印の無い「数字×数字」は必ず 価格×数量（例：1'; example_text:'スターターセット イーブイ\n2500円×10\n\nスターターセット メガゲンガー\n'
SP-00164	㍿NGA	new	price_format,qty_format,order_pattern,notes,example_text	price_format:'NULL'; qty_format:'NULL'; order_pattern:'NULL'; notes:'NULL'; example_text:'NULL'	price_format:'@{数値}'; qty_format:'{数値}box / 在庫数 {数値}'; order_pattern:'["@","price","space","quantity","unit"]'; notes:'✅商品名 →「@価格 数量box」（または「在庫数 N」）。'; example_text:'ORIGINAL ARTWORK COLLECTION BOX\n@9200 15'
SP-00184	overlap	new	price_format,qty_format,order_pattern,default_unit,state_format,notes,example_text	price_format:'NULL'; qty_format:'NULL'; order_pattern:'NULL'; default_unit:'BOX'; state_format:'NULL'; notes:'NULL'; example_text:'NULL'	price_format:'{数値}円'; qty_format:'{数値}個'; order_pattern:'["quantity","unit","space","price","yen"'; default_unit:'個'; state_format:'次の行（美品/難あり/テープカット）'; notes:'【商品名】→ 状態 →「数量個 価格円」。「上記〆になります」の前の一覧は完売。'; example_text:'シュリンク付き美品\n8個 28,000円\nシュリンク付き難あり\n23個 26,8'
SP-00187	西田　翼	new	price_format,qty_format,order_pattern,default_unit,ship_format,notes,example_text	price_format:'NULL'; qty_format:'NULL'; order_pattern:'NULL'; default_unit:'BOX'; ship_format:'NULL'; notes:'NULL'; example_text:'NULL'	price_format:'@{数値}'; qty_format:'{数値}カートン/BOX'; order_pattern:'["@","price","×","quantity","unit"]'; default_unit:'カートン'; ship_format:'行末(10/1〜10/2発送)'; notes:'●商品名【型番】→「@価格×数量 単位」。目印の無い「@数字×数字」は必ず @価'; example_text:'●Vジャンプ\u300010月号 麦わらの一味3人の最強セット(ルフィ＆ゾロ＆サンジ)\n@'
SP-00188	大嶋雅人	new	price_format,qty_format,order_pattern,state_format,ship_format,notes,example_text	price_format:'NULL'; qty_format:'NULL'; order_pattern:'NULL'; state_format:'NULL'; ship_format:'NULL'; notes:'NULL'; example_text:'NULL'	price_format:'@{数値}'; qty_format:'{数値}（単位なし）'; order_pattern:'["quantity","space","@","price"]'; state_format:'商品名に付記（シュリンク有）'; ship_format:'「9/22日、栃木または山梨からの発送」'; notes:'1行で「商品名 状態 数量 @価格」。目印の無い「数字 @数字」は必ず 数量 @'; example_text:'9/22日、栃木または山梨からの発送の在庫です\n\n30th CELEBRATIO'
SP-00190	シンソク	new	price_format,qty_format,order_pattern,state_format,notes,example_text	price_format:'NULL'; qty_format:'NULL'; order_pattern:'NULL'; state_format:'NULL'; notes:'NULL'; example_text:'NULL'	price_format:'@{数値}円'; qty_format:'{数値}BOX'; order_pattern:'["quantity","unit","@","price","yen","st'; state_format:'行末の[通常品][状態A-][状態B]'; notes:'■種別「商品名」(型番) →「数量BOX@価格円[状態]」。状態ごとに行が続く。'; example_text:'■拡張パック「30th CELEBRATION」(M6a)\n5BOX@28,00'
SP-00191	ヨシヤス	new	price_format,qty_format,order_pattern,state_format,ship_format,notes,example_text	price_format:'NULL'; qty_format:'NULL'; order_pattern:'NULL'; state_format:'NULL'; ship_format:'NULL'; notes:'NULL'; example_text:'NULL'	price_format:'@{数値}円'; qty_format:'{数値}BOX'; order_pattern:'["quantity","unit","@","price","yen"]'; state_format:'次の行（ダメージ有り）'; ship_format:'「15時までのご注文で当日発送」'; notes:'商品名 →［状態］→「数量BOX@価格円」。'; example_text:'ダメージ有り\n1BOX@16,000円\n\nストームエメラルダ\nシュリンク無し、ダ'
SP-00192	徳武俊太郎	new	price_format,qty_format,order_pattern,state_format,notes,example_text	price_format:'NULL'; qty_format:'NULL'; order_pattern:'NULL'; state_format:'NULL'; notes:'NULL'; example_text:'NULL'	price_format:'{数値}円'; qty_format:'在庫{数値}'; order_pattern:'["price","yen","space","stock_label","qu'; state_format:'次の行（シュリンク付き）'; notes:'商品名 →［状態］→「価格円 在庫N」。'; example_text:'シュリンク付き\n28000円 在庫20\n\n30th CELEBRATION FU'
SP-00198	とも	new	price_format,qty_format,order_pattern,ship_format,notes,example_text	price_format:'NULL'; qty_format:'NULL'; order_pattern:'NULL'; ship_format:'NULL'; notes:'NULL'; example_text:'NULL'	price_format:'@{数値}'; qty_format:'{数値}box'; order_pattern:'["quantity","unit","@","price"]'; ship_format:'「※即日発送可」'; notes:'商品名 →「数量box@価格」。'; example_text:'エーフィ・ブラッキー\n100box@25,000\n※即日発送可\n\n国内発送元払い'
SP-00199	oyama	new	price_format,qty_format,order_pattern,state_format,notes,example_text	price_format:'NULL'; qty_format:'NULL'; order_pattern:'NULL'; state_format:'NULL'; notes:'NULL'; example_text:'NULL'	price_format:'＠{数値}（円付きもある）'; qty_format:'在庫数 {数値}箱 / {数値}セット'; order_pattern:'["@","price","space","stock_label","quan'; state_format:'商品名に付記（(シュリンク無し)）'; notes:'✅商品名 →「＠価格\u3000在庫数 N箱」。'; example_text:'✅30th Celebration BOX\u3000(シュリンク無し)\n＠26,000\u3000'
SP-00200	やまちゃん	new	price_format,qty_format,order_pattern,default_unit,state_format,notes,example_text	price_format:'NULL'; qty_format:'NULL'; order_pattern:'NULL'; default_unit:'BOX'; state_format:'NULL'; notes:'NULL'; example_text:'NULL'	price_format:'@{数値}'; qty_format:'{数値}枚/セット'; order_pattern:'["quantity","unit","space","@","price"]'; default_unit:'セット'; state_format:'商品名に付記（被りあり）'; notes:'▪️商品名 →「数量単位 @価格」（バルク）。'; example_text:'▪️AR CHR 100枚 50種類以上\n50セット @24,500\n\n▪️AR'
SP-00201	kyosuke	new	price_format,qty_format,order_pattern,state_format,notes,example_text	price_format:'NULL'; qty_format:'NULL'; order_pattern:'NULL'; state_format:'NULL'; notes:'NULL'; example_text:'NULL'	price_format:'@{数値}'; qty_format:'{数値}BOX/カートン'; order_pattern:'["@","price","space","quantity","unit"]'; state_format:'次の行（ラベル跡あり）'; notes:'・商品名 →「@価格\u3000数量単位」。'; example_text:'・30th CELEBRATION\n@28,000\u3000\u300025BOX\n\n・MEGA '
SP-00202	大知	new	price_format,qty_format,order_pattern,notes,example_text	price_format:'NULL'; qty_format:'NULL'; order_pattern:'NULL'; notes:'NULL'; example_text:'NULL'	price_format:'@{数値}'; qty_format:'{数値}BOX/セット'; order_pattern:'["quantity","unit","space","@","price"]'; notes:'商品名 →「数量単位 @価格」。「30th 両方〆」など略称の完売。'; example_text:'30th セレブレーション BOX\n12BOX @26000\n30th FUTU'
SP-00203	株式会社AXISグリーン	new	price_format,qty_format,order_pattern,state_format,ship_format,notes,example_text	price_format:'NULL'; qty_format:'NULL'; order_pattern:'NULL'; state_format:'NULL'; ship_format:'NULL'; notes:'NULL'; example_text:'NULL'	price_format:'{数値}（円なし）'; qty_format:'{数値}（単位なし）'; order_pattern:'["price","@","quantity"]'; state_format:'次の行（シュリンク無、未サーチパック、ぺりぺり無）'; ship_format:'冒頭「9／30日国内発送分」'; notes:'◎商品名 →「価格@数量」。目印の無い「数字@数字」は必ず 価格@数量（例：27'; example_text:'◎30th CELEBRATION BOX\n27,500@27\nシュリンク無\n2'
SP-00205	中山友貴	new	price_format,qty_format,order_pattern,ship_format,notes,example_text	price_format:'NULL'; qty_format:'NULL'; order_pattern:'NULL'; ship_format:'NULL'; notes:'NULL'; example_text:'NULL'	price_format:'@ {数値}'; qty_format:'{数値}BOX'; order_pattern:'["quantity","unit","@","price"]'; ship_format:'商品ごとの「9/16(水)発送」'; notes:'■商品名 → 発送日 →「数量BOX @ 価格」。'; example_text:'9/16(水)発送\n12BOX @ 70,000\n\n■30th celebrat'
SP-00207	ゆうき	new	price_format,qty_format,order_pattern,ship_format,notes,example_text	price_format:'NULL'; qty_format:'NULL'; order_pattern:'NULL'; ship_format:'NULL'; notes:'NULL'; example_text:'NULL'	price_format:'@{数値}円'; qty_format:'{数値}箱'; order_pattern:'["quantity","unit","space","@","price","'; ship_format:'「17時までのご注文で当日発送」'; notes:'・商品名 →「数量箱 @価格円」。'; example_text:'・世界最強の戦士 BOX\n\u30006箱 @12,500円\n\n・受け継がれる意志 BOX'
SP-00209	渡邉史弥(仕事用)	new	price_format,qty_format,order_pattern,ship_format,notes,example_text	price_format:'NULL'; qty_format:'NULL'; order_pattern:'NULL'; ship_format:'NULL'; notes:'NULL'; example_text:'NULL'	price_format:'@{数値}円'; qty_format:'×{数値}BOX/pack/冊'; order_pattern:'["@","price","yen","×","quantity","unit"'; ship_format:'予約は見出し（(11/2発送)）'; notes:'▼商品名 →「@価格円 ×数量単位」。'; example_text:'▼ ポケモンカード 30th CELEBRATION\n\u3000@28,000円 ×80'
SP-00210	ryuya	new	price_format,qty_format,order_pattern,default_unit,state_format,ship_format,notes,example_text	price_format:'NULL'; qty_format:'NULL'; order_pattern:'NULL'; default_unit:'BOX'; state_format:'NULL'; ship_format:'NULL'; notes:'NULL'; example_text:'NULL'	price_format:'¥{数値}'; qty_format:'{数値}箱'; order_pattern:'["yen_prefix","price","×","quantity","un'; default_unit:'箱'; state_format:'次の行（シュリンク付き）'; ship_format:'冒頭「9/20（日）国内発送」'; notes:'商品名 → 状態 →「¥価格×数量箱」。'; example_text:'シュリンク付き\u3000\n\n¥24,500×7箱\n\n国内送料\u3000着払い\n配送業者\u3000ヤマト運'
SP-00211	Shintaro	new	price_format,qty_format,order_pattern,ship_format,notes,example_text	price_format:'NULL'; qty_format:'NULL'; order_pattern:'NULL'; ship_format:'NULL'; notes:'NULL'; example_text:'NULL'	price_format:'＠{数値}'; qty_format:'在庫数\u3000{数値}'; order_pattern:'["@","price","space","stock_label","quan'; ship_format:'「12時までの注文で当日発送可能」'; notes:'✅商品名 →「＠価格\u3000在庫数\u3000N」。'; example_text:'✅スノーハザード\u3000カートン\n＠148000\u3000在庫数\u30001\n\n\n'
SP-00214	竹内スタッフ	new	price_format,qty_format,order_pattern,state_format,notes,example_text	price_format:'NULL'; qty_format:'NULL'; order_pattern:'NULL'; state_format:'NULL'; notes:'NULL'; example_text:'NULL'	price_format:'{数値}円'; qty_format:'{数値}box/個/パック'; order_pattern:'["price","yen","/","quantity","unit"]'; state_format:'商品名に付記（シュリンク有り/無し）'; notes:'商品名[状態] →「価格円/数量単位」（価格が先）。'; example_text:'メガブレイブシュリンク有り\n9500円/100box\nメガブレイブシュリンク無し'
SP-00215	なかひら	new	price_format,qty_format,order_pattern,ship_format,notes,example_text	price_format:'NULL'; qty_format:'NULL'; order_pattern:'NULL'; ship_format:'NULL'; notes:'NULL'; example_text:'NULL'	price_format:'＠{数値}円'; qty_format:'{数値}BOX/case/冊/個/set'; order_pattern:'["quantity","unit","space","@","price","'; ship_format:'【予約商品:発売日当日発送予定】'; notes:'🌈区分 → 商品名 →「数量単位\u3000＠価格円」。「ﾏｽﾀｰｶｰﾄﾝ（7case入）'; example_text:'ORIGINAL ARTWORK DUEL SET 遊戯編 城之内編 海馬編\n '
SP-00217	SIG	new	price_format,qty_format,order_pattern,notes,example_text	price_format:'NULL'; qty_format:'NULL'; order_pattern:'NULL'; notes:'NULL'; example_text:'NULL'	price_format:'{数値}（円なし）'; qty_format:'{数値}（単位なし）'; order_pattern:'["quantity","@","price"]'; notes:'1行で「商品名 数量@価格」。目印の無い「数字@数字」は必ず 数量@価格（例：1'; example_text:'弊社とのグループLINEが作成済の方はグループまでご連絡いただけますと幸いです🙇'
SP-00220	吉田翔	new	price_format,qty_format,order_pattern,state_format,notes,example_text	price_format:'NULL'; qty_format:'NULL'; order_pattern:'NULL'; state_format:'NULL'; notes:'NULL'; example_text:'NULL'	price_format:'{数値}円'; qty_format:'{数値}box/packs'; order_pattern:'["quantity","unit","/","price","yen"]'; state_format:'行末（（未サーチ））'; notes:'商品名 →「数量単位/価格円」（数量が先。竹内スタッフとは逆）。'; example_text:'op-17\n100box/13,000円\n\n【共通事項】\n・適格事業者'
SP-00222	つきじ	new	price_format,qty_format,order_pattern,default_unit,state_format,notes,example_text	price_format:'NULL'; qty_format:'NULL'; order_pattern:'NULL'; default_unit:'BOX'; state_format:'NULL'; notes:'NULL'; example_text:'NULL'	price_format:'{数値}円'; qty_format:'在庫{数値}'; order_pattern:'["price","yen","space","stock_label","qu'; default_unit:'セット'; state_format:'商品名に付記（被り有り）'; notes:'☑️商品名 →「価格円\u3000在庫N」。'; example_text:'☑️AR 100枚セット 被り有り\n27,000円\u3000在庫5\n\n☑️AR PSA1'
SP-00223	むらお	new	price_format,qty_format,order_pattern,state_format,ship_format,notes,example_text	price_format:'NULL'; qty_format:'NULL'; order_pattern:'NULL'; state_format:'NULL'; ship_format:'NULL'; notes:'NULL'; example_text:'NULL'	price_format:'{数値}（円なし）'; qty_format:'在庫{数値}'; order_pattern:'["unit","space","price","space","stock_l'; state_format:'次の行（シュリ無し）'; ship_format:'冒頭「9/28出荷のご案内」'; notes:'商品名[型番] →「[単位 ]価格 在庫N」。「18000 在庫15〆」は完売。'; example_text:'プレミアムデッキセット エーフィ・ブラッキー\n18000 在庫15〆\n'
SP-00224	ガク	new	price_format,qty_format,order_pattern,state_format,ship_format,notes,example_text	price_format:'NULL'; qty_format:'NULL'; order_pattern:'NULL'; state_format:'NULL'; ship_format:'NULL'; notes:'NULL'; example_text:'NULL'	price_format:'@ {数値}'; qty_format:'{数値}BOX'; order_pattern:'["quantity","unit","@","price"]'; state_format:'商品名に付記（シュリンクなし）'; ship_format:'「本日16時迄のご注文は当日発送」'; notes:'1行で「◆商品名 状態\u3000数量BOX @ 価格」。'; example_text:'20BOX以上送料無料です。\n\n◆30th CELEBRATION シュリンクな'
SP-00226	貴大	new	price_format,qty_format,order_pattern,default_unit,notes,example_text	price_format:'NULL'; qty_format:'NULL'; order_pattern:'NULL'; default_unit:'BOX'; notes:'NULL'; example_text:'NULL'	price_format:'@{数値}'; qty_format:'{数値}枚'; order_pattern:'["quantity","unit","@","price"]'; default_unit:'枚'; notes:'区分 → 商品名 →「数量枚@価格」（PSA）。'; example_text:'メガディアンシーMA\n50枚@4500\nメガユキメノコMA\n20枚@4500\nメ'
SP-00227	たくぞ	new	price_format,qty_format,order_pattern,state_format,notes	price_format:'NULL'; qty_format:'NULL'; order_pattern:'NULL'; state_format:'NULL'; notes:'NULL'	price_format:'¥{数値}/1box'; qty_format:'{数値}（次の行、数字のみ）'; order_pattern:'["yen_prefix","price","/","1","unit","ne'; state_format:'次の行（シュリンク付き）'; notes:'商品名 → 状態 →「¥価格/1box」→「数量（数字だけの行）」。「/1box'
SP-00228	小菅圭輔	new	price_format,qty_format,order_pattern,state_format,ship_format,notes	price_format:'NULL'; qty_format:'NULL'; order_pattern:'NULL'; state_format:'NULL'; ship_format:'NULL'; notes:'NULL'	price_format:'Y{数値}/単価 または {数値}円/単価'; qty_format:'在庫{数値}'; order_pattern:'["price","/","単価","newline","stock_label'; state_format:'次の行（ダメージあり）'; ship_format:'見出し「9/17発送分」'; notes:'商品名 →「価格/単価」→「在庫N」（縦）。Y は ¥。'
SP-00229	加地-スタッフアカウント	new	price_format,qty_format,order_pattern,notes,example_text	price_format:'NULL'; qty_format:'NULL'; order_pattern:'NULL'; notes:'NULL'; example_text:'NULL'	price_format:'{数値}円'; qty_format:'{数値}BOX'; order_pattern:'["price","yen","/","quantity","unit"]'; notes:'【区分】→ 商品名 →「価格円/数量BOX」。'; example_text:'30th CELEBRATION FUTURISTIC BOX\n50,000円/'
SP-00230	ヒロト	new	price_format,qty_format,order_pattern,state_format,notes,example_text	price_format:'NULL'; qty_format:'NULL'; order_pattern:'NULL'; state_format:'NULL'; notes:'NULL'; example_text:'NULL'	price_format:'{数値}円'; qty_format:'{数値}box'; order_pattern:'["quantity","unit","space","price","yen"'; state_format:'次の行（箱潰れあり）'; notes:'商品名 →［状態］→「数量box 価格円」。'; example_text:'30th CELEBRATION BOX\n100box 28000円\n 40bo'
SP-00231	りょう	new	price_format,qty_format,order_pattern,notes,example_text	price_format:'NULL'; qty_format:'NULL'; order_pattern:'NULL'; notes:'NULL'; example_text:'NULL'	price_format:'{数値}（円なし）'; qty_format:'{数値}（単位なし）'; order_pattern:'["quantity","@","price"]'; notes:'1行で「商品名 数量@価格」。目印の無い「数字@数字」は必ず 数量@価格（例：1'; example_text:'弊社とのグループLINEが作成済の方はグループまでご連絡いただけますと幸いです🙇'
SP-00233	Yuki	new	price_format,qty_format,order_pattern,state_format,notes,example_text	price_format:'NULL'; qty_format:'NULL'; order_pattern:'NULL'; state_format:'NULL'; notes:'NULL'; example_text:'NULL'	price_format:'@{数値}円'; qty_format:'数量{数値}'; order_pattern:'["@","price","yen","space","数量","quantit'; state_format:'行末（(シュリンクなし)）'; notes:'商品名 →「@価格円\u3000数量N」。「18,800円@ 数量20」のように＠が価格の'; example_text:'ジャンプ33号\u3000限定付録\u3000肉ルフィ\n\n@1,500円\u3000数量50(雑誌付き)\n\nス'
SP-00234	RAITO	new	price_format,qty_format,order_pattern,state_format,notes,example_text	price_format:'NULL'; qty_format:'NULL'; order_pattern:'NULL'; state_format:'NULL'; notes:'NULL'; example_text:'NULL'	price_format:'{数値}円 / ¥{数値}'; qty_format:'在庫{数値} / 残り{数値}'; order_pattern:'["price","yen","space","stock_label","qu'; state_format:'次の行（シュリンク付き 状態A-、デッキ状態B）'; notes:'⭐️商品名 → 状態 →「価格円 在庫N」。「ボックス/¥価格」→「残りN」の形'; example_text:'シュリンク付き\n29,000円 在庫100\nシュリンク付き 状態A-\n28,00'
SP-00237	ぱ	new	price_format,qty_format,order_pattern,ship_format,notes,example_text	price_format:'NULL'; qty_format:'NULL'; order_pattern:'NULL'; ship_format:'NULL'; notes:'NULL'; example_text:'NULL'	price_format:'{数値}（円なし）'; qty_format:'{数値}BOX'; order_pattern:'["price","×","quantity","unit"]'; ship_format:'冒頭「当日18:00までのご注文で当日国内発送」'; notes:'商品名 →「価格×数量BOX」。'; example_text:'30th CELEBRATION FUTURISTIC BOX\n68,000×2'
SP-00238	たいき	new	price_format,qty_format,order_pattern,state_format,ship_format,notes,example_text	price_format:'NULL'; qty_format:'NULL'; order_pattern:'NULL'; state_format:'NULL'; ship_format:'NULL'; notes:'NULL'; example_text:'NULL'	price_format:'@{数値}円'; qty_format:'在庫数{数値}カートン/BOX/セット/枚'; order_pattern:'["@","price","yen","/","stock_label","qu'; state_format:'行末（※未開封）'; ship_format:'🔴予約商品 ※発送日要相談'; notes:'● 商品名【型番】→「@価格円/在庫数N単位」（カートンと BOX の行が続く）'; example_text:'● ヴァイス ブースターパック anemoi\n@43,000円/在庫数10カート'
SP-00239	まー	new	price_format,qty_format,order_pattern,state_format,ship_format,notes,example_text	price_format:'NULL'; qty_format:'NULL'; order_pattern:'NULL'; state_format:'NULL'; ship_format:'NULL'; notes:'NULL'; example_text:'NULL'	price_format:'{数値}（円なし）'; qty_format:'{数値}（単位なし）'; order_pattern:'["price","@","quantity"]'; state_format:'商品名に付記（サーチ済、未サーチ）'; ship_format:'「12時までの注文で当日配送」'; notes:'✅商品名 →「価格@数量」。目印の無い「数字@数字」は必ず 価格@数量（例：40'; example_text:'✅30th セレブレーション\n26000@40\n✅ポケモンババ抜き&カルタ\n21'
SP-00241	Ryum.	new	price_format,qty_format,order_pattern,default_unit,state_format,ship_format,notes,example_text	price_format:'NULL'; qty_format:'NULL'; order_pattern:'NULL'; default_unit:'BOX'; state_format:'NULL'; ship_format:'NULL'; notes:'NULL'; example_text:'NULL'	price_format:'@{数値}円'; qty_format:'在庫{数値}'; order_pattern:'["@","price","yen","/","stock_label","qu'; default_unit:'枚'; state_format:'商品名に付記（重複アリ）'; ship_format:'「14時までのご注文で当日出荷」'; notes:'★商品名 →「@価格円/在庫N」。'; example_text:'★CHR PSA10 ランダム(重複アリ)※相談可\n\n@4,300円/在庫50\n'
SP-00248	竹内	new	price_format,qty_format,order_pattern,default_unit,notes,example_text	price_format:'NULL'; qty_format:'NULL'; order_pattern:'NULL'; default_unit:'BOX'; notes:'NULL'; example_text:'NULL'	price_format:'{数値}万（万円単位）'; qty_format:'在庫{数値}'; order_pattern:'["price","万","space","stock_label","quan'; default_unit:'カートン'; notes:'商品名 →「価格万\u3000在庫N」（例：24万＝240,000円）。'; example_text:'遊戯王 ORIGINAL ARTWORK COLLECTION  カートン\n24'
SP-00249	keny	new	price_format,qty_format,order_pattern,default_unit,ship_format,notes,example_text	price_format:'NULL'; qty_format:'NULL'; order_pattern:'NULL'; default_unit:'BOX'; ship_format:'NULL'; notes:'NULL'; example_text:'NULL'	price_format:'@{数値}円'; qty_format:'x{数値}セット'; order_pattern:'["quantity","unit","@","price","yen","x"'; default_unit:'セット'; ship_format:'予約（入荷次第発送）'; notes:'商品名 → 内容 →「34枚1セット@29000円 x2000セット」（1セット'; example_text:'ルフィP-099 ナイキニカプロモx4枚\n\nドン!!カード3種x各10枚\n\n(計'
SP-00250	YORO（株）スタッフ2	new	price_format,qty_format,order_pattern,ship_format,notes,example_text	price_format:'NULL'; qty_format:'NULL'; order_pattern:'NULL'; ship_format:'NULL'; notes:'NULL'; example_text:'NULL'	price_format:'@{数値}円'; qty_format:'{数値}BOX/セット/枚'; order_pattern:'["quantity","unit","@","price","yen"]'; ship_format:'「14時までのご注文で当日出荷」'; notes:'▪️商品名 →「数量単位@価格円」。'; example_text:'▪️ストームエメラルダ\n50BOX@10,800円\n\n▪️アビスアイ\n35BOX'
SP-00251	佐藤	new	price_format,qty_format,order_pattern,default_unit,state_format,notes,example_text	price_format:'NULL'; qty_format:'NULL'; order_pattern:'NULL'; default_unit:'BOX'; state_format:'NULL'; notes:'NULL'; example_text:'NULL'	price_format:'{数値}円'; qty_format:'{数値}個'; order_pattern:'["quantity","unit","space","price","yen"'; default_unit:'個'; state_format:'次の行（美品/難あり）'; notes:'【商品名】→ 状態 →「数量個 価格円」。'; example_text:'美品\n\n1個 1,100円\n\n【スノーハザード＆クレイバースト ポケモンセンター'
SP-00252	takuya	new	price_format,qty_format,order_pattern,state_format,notes,example_text	price_format:'NULL'; qty_format:'NULL'; order_pattern:'NULL'; state_format:'NULL'; notes:'NULL'; example_text:'NULL'	price_format:'@{数値}円'; qty_format:'{数値}BOX/カートン/パック'; order_pattern:'["quantity","unit","space","@","price","'; state_format:'数量の前（シュリンク付き 13BOX @…）'; notes:'商品名 →「[状態 ]数量単位 @価格円」。@ が抜けた行（1BOX 10,00'; example_text:'30th CELEBRATION\nシュリンク付き 13BOX @25,000円\n'
SP-00261	旭野	new	price_format,qty_format,order_pattern,ship_format,notes,example_text	price_format:'NULL'; qty_format:'NULL'; order_pattern:'NULL'; ship_format:'NULL'; notes:'NULL'; example_text:'NULL'	price_format:'¥{数値}'; qty_format:'残{数値}'; order_pattern:'["yen_prefix","price","space","残","quant'; ship_format:'「9/30 仙台より発送」'; notes:'商品名 →「¥価格 残N」。'; example_text:'ストームエメラルダ\n¥10,400 残42\n\n・インボイス対応事業者です\n・9/'
SP-00262	河合潤也	new	price_format,qty_format,order_pattern,state_format,notes,example_text	price_format:'NULL'; qty_format:'NULL'; order_pattern:'NULL'; state_format:'NULL'; notes:'NULL'; example_text:'NULL'	price_format:'{数値}円'; qty_format:'{数値}（単位なし）'; order_pattern:'["status","price","yen","×","quantity"]'; state_format:'価格の前（シュリンク有り25500円×100）'; notes:'🔲商品名 →「状態価格円×数量」。'; example_text:'🔲 30th  CELEBRATION BOX \nシュリンク有り25500円×1'
SP-00263	のりゆき	new	price_format,qty_format,order_pattern,default_unit,notes	price_format:'NULL'; qty_format:'NULL'; order_pattern:'NULL'; default_unit:'BOX'; notes:'NULL'	price_format:'{数値}円'; qty_format:'在庫{数値}'; order_pattern:'["1","unit","space","price","yen","space'; default_unit:'セット'; notes:'商品名 →「1セット\u3000価格円 在庫N」（1セットは単位あたり）。'
SP-00265	齊藤大輔	new	price_format,qty_format,order_pattern,default_unit,state_format,ship_format,notes,example_text	price_format:'NULL'; qty_format:'NULL'; order_pattern:'NULL'; default_unit:'BOX'; state_format:'NULL'; ship_format:'NULL'; notes:'NULL'; example_text:'NULL'	price_format:'@{数値}'; qty_format:'×{数値}箱/パック'; order_pattern:'["×","quantity","unit","@","price"]'; default_unit:'箱'; state_format:'商品名に付記（シュリンク無し、箱潰れ）'; ship_format:'冒頭「明日15日発送」'; notes:'1行で「・商品名[ 状態]×数量箱@価格」。'; example_text:'明日15日発送になります。\n\n・ストームエメラルダ シュリンク無し×31箱@93'
SP-00270	三海	new	price_format,qty_format,order_pattern,notes,example_text	price_format:'NULL'; qty_format:'NULL'; order_pattern:'NULL'; notes:'NULL'; example_text:'NULL'	price_format:'@{数値}'; qty_format:'数量{数値}（枚）'; order_pattern:'["@","price","space","数量","quantity"]'; notes:'1行で「・商品名 @価格 数量N」。「最低保証@4,300 被りなし37枚 @4'; example_text:'●在庫\n・30th CELEBRATION FUTURISTIC BOX @67'
SP-00271	yuyaさいとう	new	price_format,qty_format,order_pattern,ship_format,notes,example_text	price_format:'NULL'; qty_format:'NULL'; order_pattern:'NULL'; ship_format:'NULL'; notes:'NULL'; example_text:'NULL'	price_format:'{数値}（円なし）'; qty_format:'{数値}BOX'; order_pattern:'["quantity","unit","：","price"]'; ship_format:'「16日（発売日発送）」'; notes:'『商品名』→ 発送日 →「数量BOX：価格」。'; example_text:'16日（発売日発送）\n40BOX：23,000\n\n・適格請求書発行事業者です。\n'
SP-00272	Ryu	new	price_format,qty_format,order_pattern,state_format,ship_format,notes,example_text	price_format:'NULL'; qty_format:'NULL'; order_pattern:'NULL'; state_format:'NULL'; ship_format:'NULL'; notes:'NULL'; example_text:'NULL'	price_format:'@{数値}円'; qty_format:'{数値}BOX'; order_pattern:'["quantity","unit","@","price","yen"]'; state_format:'次の行（シュリンクあり/なし）'; ship_format:'「当日15:00までのご注文・お支払い確認で当日発送」'; notes:'■商品名（型番）→ 状態 →「数量BOX@価格円」。「■商品名 価格円」「価格変'; example_text:'シュリンクあり\n\n2BOX@28,000円\n\nシュリンクなし\n'
SP-00273	鈴木	new	price_format,qty_format,order_pattern,default_unit,ship_format,notes	price_format:'NULL'; qty_format:'NULL'; order_pattern:'NULL'; default_unit:'BOX'; ship_format:'NULL'; notes:'NULL'	price_format:'@{数値}円'; qty_format:'在庫{数値}ケース/カートン'; order_pattern:'["@","price","yen","space","stock_label"'; default_unit:'カートン'; ship_format:'行頭「・9/16発送」'; notes:'■商品名 →「・発送日\u3000@価格円\u3000在庫Nケース」。'
SP-00274	屋比久大	new	price_format,qty_format,order_pattern,notes,example_text	price_format:'NULL'; qty_format:'NULL'; order_pattern:'NULL'; notes:'NULL'; example_text:'NULL'	price_format:'@ {数値}円'; qty_format:'在庫{数値}'; order_pattern:'["unit","space","@","price","yen","space'; notes:'■ 商品名 →「[単位 ]@ 価格円 在庫N」。'; example_text:'■ 30th\xa0 CELEBRATION BOX\nBOX @ 28,400円 在庫'
SP-00277	Mie	new	price_format,qty_format,order_pattern,state_format,notes,example_text	price_format:'NULL'; qty_format:'NULL'; order_pattern:'NULL'; state_format:'NULL'; notes:'NULL'; example_text:'NULL'	price_format:'@{数値}円'; qty_format:'{数値}BOX（残り{数値}BOX）'; order_pattern:'["quantity","unit","@","price","yen"]'; state_format:'商品名に付記（シュリンクなし）'; notes:'商品名 →「残りN BOX@価格円」または「N BOX@価格円」。'; example_text:'30th CELEBRATION シュリンクなし\n\n残り11BOX@15500円'
SP-00278	kaishi	new	price_format,qty_format,order_pattern,state_format,notes,example_text	price_format:'NULL'; qty_format:'NULL'; order_pattern:'NULL'; state_format:'NULL'; notes:'NULL'; example_text:'NULL'	price_format:'@{数値}円'; qty_format:'在庫{数値}BOX'; order_pattern:'["@","price","yen","space","stock_label"'; state_format:'次の行（シュリンク有り）'; notes:'商品名 →「@価格円\u3000在庫NBOX」。「残り2箱」「残り6です！」は直前の商品の'; example_text:'ストームエメラルダ\n@11,400円\u3000在庫36BOX\n\n30th CELEBRA'
SP-00286	やまざきけんと	new	price_format,qty_format,order_pattern,state_format,notes,example_text	price_format:'NULL'; qty_format:'NULL'; order_pattern:'NULL'; state_format:'NULL'; notes:'NULL'; example_text:'NULL'	price_format:'{数値}円'; qty_format:'在庫{数値}'; order_pattern:'["price","yen","space","stock_label","qu'; state_format:'次の行（シュリンク付き/シュリ無し）'; notes:'商品名 → 状態 →「価格円\u3000在庫N」。「残り14」は直前の商品の残数。'; example_text:'シュリンク付き\n28000円\u3000在庫32\n\nシュリンクなし\n26500円\u3000在庫５'
SP-00287	Nexus	new	price_format,qty_format,order_pattern,state_format,ship_format,notes,example_text	price_format:'NULL'; qty_format:'NULL'; order_pattern:'NULL'; state_format:'NULL'; ship_format:'NULL'; notes:'NULL'; example_text:'NULL'	price_format:'@{数値}円'; qty_format:'{数値}BOX/SET'; order_pattern:'["quantity","unit","@","price","yen"]'; state_format:'商品名に付記（(シュリンクあり)）'; ship_format:'冒頭「以下本日発送のご提案」'; notes:'商品名(状態) →「数量BOX@価格円」。'; example_text:'30th CELEBRATION BOX(シュリンクあり)\n15BOX@25,5'
SP-00290	Ren	new	price_format,qty_format,order_pattern,state_format,notes,example_text	price_format:'NULL'; qty_format:'NULL'; order_pattern:'NULL'; state_format:'NULL'; notes:'NULL'; example_text:'NULL'	price_format:'@{数値}円'; qty_format:'{数値}BOX'; order_pattern:'["quantity","unit","@","price","yen","st'; state_format:'行末（（シュリンク有り））'; notes:'▫︎種別「商品名」（型番）→「数量BOX@価格円（状態）」。パックは「数量：お問'; example_text:'▫︎拡張パック「フュージョンアーツ」（S8）\n8BOX@50,000円（シュリン'
SP-00292	Fukiko♡	new	price_format,qty_format,order_pattern,default_unit,ship_format,notes,example_text	price_format:'NULL'; qty_format:'NULL'; order_pattern:'NULL'; default_unit:'BOX'; ship_format:'NULL'; notes:'NULL'; example_text:'NULL'	price_format:'@{数値}円'; qty_format:'在庫{数値}パック'; order_pattern:'["@","price","yen","space","stock_label"'; default_unit:'パック'; ship_format:'「16時までのご注文で当日発送」'; notes:'■商品名 →「@価格円\u3000在庫N単位」。'; example_text:'■最強ジャンプ 2026年5月号 応募者全員大サービス 頂上の強者パック\n@28'
SP-00294	Takahiro.Y	new	price_format,qty_format,order_pattern,state_format,notes,example_text	price_format:'NULL'; qty_format:'NULL'; order_pattern:'NULL'; state_format:'NULL'; notes:'NULL'; example_text:'NULL'	price_format:'{数値}円 / 単価：{数値}円'; qty_format:'{数値}box / 数量：{数値}パック'; order_pattern:'["price","yen","space","quantity","unit"'; state_format:'商品名に付記（シュリンク無）'; notes:'商品名 →「価格円 数量box」。ラベル形式（数量：…／単価：…）も混ざる。'; example_text:'ムニキスゼロ シュリンク無 \n7200円 6box\n\n【ワンピース】\n'
SP-00295	村上 宝聡	new	price_format,qty_format,order_pattern,default_unit,ship_format,notes	price_format:'NULL'; qty_format:'NULL'; order_pattern:'NULL'; default_unit:'BOX'; ship_format:'NULL'; notes:'NULL'	price_format:'{数値}円'; qty_format:'{数値}個 1セット'; order_pattern:'["quantity","unit","space","1","セット","sp'; default_unit:'セット'; ship_format:'行末(10月入荷次第発送)'; notes:'「30個 1セット 510,000円(1個辺り17,000円)」＝30個入りセッ'
SP-00300	Taisei	new	price_format,qty_format,order_pattern,ship_format,notes,example_text	price_format:'NULL'; qty_format:'NULL'; order_pattern:'NULL'; ship_format:'NULL'; notes:'NULL'; example_text:'NULL'	price_format:'{数値}（円付きもある）'; qty_format:'{数値}box'; order_pattern:'["quantity","unit","space","price"]'; ship_format:'「14時まで注文で当日出荷対応可能」'; notes:'商品名 →「数量box 価格」。一覧の中の「〆切」は完売。'; example_text:'アビスアイ\n28box 8,300円\n\nムニキスゼロ\n1box 8,400'
SP-00303	かおり	new	price_format,qty_format,order_pattern,default_unit,notes,example_text	price_format:'NULL'; qty_format:'NULL'; order_pattern:'NULL'; default_unit:'BOX'; notes:'NULL'; example_text:'NULL'	price_format:'@{数値}'; qty_format:'{数値}セット/枚'; order_pattern:'["quantity","unit","space","@","price"]'; default_unit:'枚'; notes:'▪️商品名 →「数量単位\u3000@価格」。'; example_text:'▪️AR CHR 100枚 セットスリーブ入り\n5セット @27,500\n\n▪️'
SP-00307	Hironobu Yasukawa	new	price_format,qty_format,order_pattern,state_format,notes,example_text	price_format:'NULL'; qty_format:'NULL'; order_pattern:'NULL'; state_format:'NULL'; notes:'NULL'; example_text:'NULL'	price_format:'@{数値}円'; qty_format:'在庫{数値}BOX'; order_pattern:'["@","price","yen","space","stock_label"'; state_format:'商品名に付記（シュリンク有）'; notes:'■商品名 状態 →「@価格円\u3000在庫NBOX」。「残り6Box」は直前の商品の残数'; example_text:'■30th CELEBRATION FUTURISTIC BOX\n@70,000'
SP-00308	小菅圭輔 こすがけいすけ	new	price_format,qty_format,order_pattern,state_format,notes,example_text	price_format:'NULL'; qty_format:'NULL'; order_pattern:'NULL'; state_format:'NULL'; notes:'NULL'; example_text:'NULL'	price_format:'{数値}円/単価'; qty_format:'在庫{数値}'; order_pattern:'["price","yen","/","単価","newline","stock'; state_format:'次の行（ダメージあり）'; notes:'商品名 →「価格円/単価」→「在庫N」（縦）。SP-00228 と同じ会社（Al'; example_text:'30th celebration プレミアムデッキセット エーフィ・ブラッキー\n'
SP-00316	鈴木 章裕	new	price_format,qty_format,order_pattern,default_unit,ship_format,notes,example_text	price_format:'NULL'; qty_format:'NULL'; order_pattern:'NULL'; default_unit:'BOX'; ship_format:'NULL'; notes:'NULL'; example_text:'NULL'	price_format:'@{数値}円'; qty_format:'在庫{数値}カートン'; order_pattern:'["@","price","yen","space","stock_label"'; default_unit:'カートン'; ship_format:'「15:00までのご注文で本日国内発送可能」'; notes:'■商品名 →「・@価格円\u3000在庫Nカートン」。SP-00273 と同じ会社（Pla'; example_text:'■30th CELEBRATION \n・@320,000円\u3000在庫3カートン\n\n-'
SP-00317	Mie (*´ω`*)	new	price_format,qty_format,order_pattern,state_format,notes,example_text	price_format:'NULL'; qty_format:'NULL'; order_pattern:'NULL'; state_format:'NULL'; notes:'NULL'; example_text:'NULL'	price_format:'@{数値}円'; qty_format:'{数値}BOX（残り{数値}BOX）'; order_pattern:'["quantity","unit","@","price","yen"]'; state_format:'商品名に付記（シュリンクなし）'; notes:'商品名 →「残りN BOX@価格円」または「N BOX@価格円」。SP-0027'; example_text:'30th CELEBRATION シュリンクなし\n残り11BOX@15500円\n'
SP-25954	Yuki Sato	new	price_format,qty_format,order_pattern,state_format,notes,example_text	price_format:'NULL'; qty_format:'NULL'; order_pattern:'NULL'; state_format:'NULL'; notes:'NULL'; example_text:'NULL'	price_format:'@{数値}円'; qty_format:'{数値}BOX'; order_pattern:'["quantity","unit","@","price","yen"]'; state_format:'次の行（(シュリンクあり)）'; notes:'商品名 →（状態）→「数量BOX@価格円」。'; example_text:'(シュリンクあり)\n40BOX@25,800円\n\nストームエメラルダ\n(シュリン'
SP-25955	Ryum. a	new	price_format,qty_format,order_pattern,default_unit,state_format,ship_format,notes,example_text	price_format:'NULL'; qty_format:'NULL'; order_pattern:'NULL'; default_unit:'BOX'; state_format:'NULL'; ship_format:'NULL'; notes:'NULL'; example_text:'NULL'	price_format:'@{数値}円'; qty_format:'在庫{数値}'; order_pattern:'["@","price","yen","/","stock_label","qu'; default_unit:'枚'; state_format:'商品名に付記（重複アリ、シュリ付き）'; ship_format:'「15時までのご注文で当日出荷可能」'; notes:'★商品名 →「@価格[円]/在庫N」。「②重複OK@220円/在庫3,000」の'; example_text:'①🚀被り無し100枚100種🚀\n@24,000/在庫 25\n\n②重複OK@220'
SP-25956	佐藤 亮	new	price_format,qty_format,order_pattern,default_unit,state_format,notes,example_text	price_format:'NULL'; qty_format:'NULL'; order_pattern:'NULL'; default_unit:'BOX'; state_format:'NULL'; notes:'NULL'; example_text:'NULL'	price_format:'{数値}円'; qty_format:'{数値}個'; order_pattern:'["quantity","unit","space","price","yen"'; default_unit:'個'; state_format:'次の行（美品/難あり）'; notes:'【商品名】→ 状態 →「数量個 価格円」。SP-00251 と同じ会社（オーバー'; example_text:'美品\n1個 1,100円\n\n【スノーハザード＆クレイバースト ポケモンセンタージ'
SP-25957	一場誠	new	price_format,qty_format,order_pattern,ship_format,notes,example_text	price_format:'NULL'; qty_format:'NULL'; order_pattern:'NULL'; ship_format:'NULL'; notes:'NULL'; example_text:'NULL'	price_format:'＠{数値}（円付きもある）'; qty_format:'{数値}BOX/パック/冊/個'; order_pattern:'["quantity","unit","@","price"]'; ship_format:'行末(発送日要相談)'; notes:'≪予約商品≫/≪在庫商品≫ → 商品名 →「数量単位＠価格」。'; example_text:'ONE PIECE magazine Vol.21（ワンピースマガジン ヒロイン'
SP-25971	Y Mitamura	new	price_format,qty_format,order_pattern,state_format,notes,example_text	price_format:'NULL'; qty_format:'NULL'; order_pattern:'NULL'; state_format:'NULL'; notes:'NULL'; example_text:'NULL'	price_format:'{数値}（区切り無し）'; qty_format:'在庫{数値}'; order_pattern:'["price","stock_label","quantity"]'; state_format:'次の行（シュリンク付き）'; notes:'商品名 → 状態 →「価格在庫N」（例：27,500在庫50）。'; example_text:'シュリンク付き\n\n27,500在庫50\n\n適格請求書発行事業者\n'
SP-26012	東 智志	new	price_format,qty_format,order_pattern,notes,example_text	price_format:'NULL'; qty_format:'NULL'; order_pattern:'NULL'; notes:'NULL'; example_text:'NULL'	price_format:'{数値}（円なし）'; qty_format:'{数値}（単位なし）'; order_pattern:'["price","@","quantity"]'; notes:'1行で「商品名 価格@数量」。目印の無い「数字@数字」は必ず 価格@数量（例：7'; example_text:'商品のご案内です。\n\n30th CELEBRATION FUTURISTIC B'
SP-26015	伊藤裕輝	new	price_format,qty_format,order_pattern,default_unit,notes	price_format:'NULL'; qty_format:'NULL'; order_pattern:'NULL'; default_unit:'BOX'; notes:'NULL'	price_format:'{数値}円'; qty_format:'（数量の記載なし。1点もの）'; order_pattern:'["price","yen"]'; default_unit:'セット'; notes:'数量が書かれないことがある。定型文は SP-00190 シンソクと同じ。'
SP-26016	つかさ	new	price_format,qty_format,order_pattern,notes,example_text	price_format:'NULL'; qty_format:'NULL'; order_pattern:'NULL'; notes:'NULL'; example_text:'NULL'	price_format:'{数値}円'; qty_format:'在庫{数値}'; order_pattern:'["price","yen","newline","stock_label","'; notes:'商品名 →「価格円」→「在庫N」（縦3行）。'; example_text:'30th CELEBRATION\n26500円\n在庫13\n\n◯買取、店舗、スニダ'
SP-26021	al.japan 株式会社	new	price_format,qty_format,order_pattern,default_unit,state_format,notes,example_text	price_format:'NULL'; qty_format:'NULL'; order_pattern:'NULL'; default_unit:'NULL'; state_format:'NULL'; notes:'NULL'; example_text:'NULL'	price_format:'{数値}（円なし）'; qty_format:'@{数値}'; order_pattern:'["price","space","@","quantity"]'; default_unit:'枚'; state_format:'商品名に付記（PSA10）'; notes:'商品名 →「価格 @数量」（＠の後ろが数量。例：4500000 @1）。'; example_text:'シャンクス(CS25-26/illust:Shishizaru)【SR】{OP0'
SP-00023	株式会社N&U	convert	order_pattern,notes	order_pattern:'price_at_qty'; notes:'価格@数量 の形式（SIGと逆）。例: 12000@20。シュリなし等の注記が商'	order_pattern:'["price","@","quantity"]'; notes:'価格@数量 の形式（SIGと逆）。例: 12000@20。シュリなし等の注記が商'
SP-00157	斉藤	convert	order_pattern,notes	order_pattern:'qty_unit_at_price'; notes:'円は通貨記号であり単位ではない。単位はBOX/枚/パック。例: 30BOX@27'	order_pattern:'["quantity","unit","@","price","yen"]'; notes:'円は通貨記号であり単位ではない。単位はBOX/枚/パック。例: 30BOX@27'
SP-00178	達也	convert	order_pattern	order_pattern:'labeled_lines'	order_pattern:'["■単価（税込）：","yen_prefix","price","newlin'
SP-00189	funスタッフ	convert	order_pattern	order_pattern:'qty_unit_at_price'	order_pattern:'["quantity","unit","@","price","yen"]'
SP-00194	Gスタッフ	convert	order_pattern	order_pattern:'price_stock_qty'	order_pattern:'["price","yen","space","stock_label","qu'
SP-25952	SIG 原屋敷	convert	order_pattern,notes	order_pattern:'qty_at_price'; notes:'商品名 数量@価格 の形式。例: ストームエメラルダ 200@11500'	order_pattern:'["quantity","@","price"]'; notes:'商品名 数量@価格 の形式。例: ストームエメラルダ 200@11500\n目印の'
SP-26017	GALLERY営業部	convert	order_pattern	order_pattern:'at_price_slash_stock'	order_pattern:'["@","price","yen","/","stock_label","qu'
SP-00010	yusuke	keep	(なし)		
SP-00196	INスタッフ	keep	(なし)		
SP-00257	馬場和也	keep	(なし)		
